Date,Route,Rating,Notes,URL,Pitches,Location,"Avg Stars","Your Stars",Style,"Lead Style","Route Type","Your Rating",Length,"Rating Code"
2023-06-24,"Purty Mouth",5.10b,,https://www.mountainproject.com/route/109223230/purty-mouth,1,"California > Redwood Coast > Land Of The Lost > Snag Crag",2.9,-1,Lead,Onsight,Sport,,40,2900
2023-06-24,Nighthawk,5.10c,,https://www.mountainproject.com/route/109223174/nighthawk,1,"California > Redwood Coast > Land Of The Lost > Pinch Me Wall",3.0,-1,Lead,Onsight,Sport,,70,3200
2023-06-23,"Daddy's Little Devil",5.9,,https://www.mountainproject.com/route/110921660/daddys-little-devil,1,"California > Redwood Coast > Land Of The Lost > Pinch Me Wall",3.0,-1,Lead,Onsight,Sport,,50,2400
2023-06-23,"Pinch Me I Must Be Dreaming",5.10a,,https://www.mountainproject.com/route/109223158/pinch-me-i-must-be-dreaming,1,"California > Redwood Coast > Land Of The Lost > Pinch Me Wall",2.6,-1,Lead,Onsight,Sport,,90,2600
2023-06-23,"Surprisingly Delightful",5.8,,https://www.mountainproject.com/route/109223144/surprisingly-delightful,1,"California > Redwood Coast > Land Of The Lost > Pinch Me Wall",2.9,-1,Lead,Onsight,Sport,,65,2100
2023-06-18,"In And Out Urge",5.11c,"Damn hard for the grade",https://www.mountainproject.com/route/108020360/in-and-out-urge,1,"California > Lake Tahoe > I-80 Corridor > Bowman/Emeralds > The Emeralds > The Benches > Fast Food Wall",3.3,-1,Lead,Fell/Hung,Sport,,90,5200
2023-06-18,"Step Into The Light",5.10c,,https://www.mountainproject.com/route/108143932/step-into-the-light,1,"California > Lake Tahoe > I-80 Corridor > Bowman/Emeralds > The Emeralds > The Benches > Kudos Cliff > Kudos Left",3.5,4,Lead,Redpoint,Sport,5.10d,70,3200
2023-06-18,"Duppy Conqueror",5.11c,"Go left to tiny 4mm crimp just after bolt four. Avoid thumb gaston sequence to the right of that bolt",https://www.mountainproject.com/route/108143941/duppy-conqueror,1,"California > Lake Tahoe > I-80 Corridor > Bowman/Emeralds > The Emeralds > The Benches > Kudos Cliff > Kudos Left",3.4,-1,Lead,Fell/Hung,Sport,,70,5200
2023-06-17,"Where's The Beef",5.10c,,https://www.mountainproject.com/route/111953469/wheres-the-beef,1,"California > Lake Tahoe > I-80 Corridor > Bowman/Emeralds > The Emeralds > The Benches > Fast Food Wall",3.1,-1,Lead,Flash,Sport,,100,3200
2023-06-17,"Charlee And The Stick Factory",5.10d,,https://www.mountainproject.com/route/108070248/charlee-and-the-stick-factory,1,"California > Lake Tahoe > I-80 Corridor > Bowman/Emeralds > The Emeralds > The Benches > The Fortress",3.5,-1,Lead,Fell/Hung,Sport,,70,3500
2023-06-17,"Super Size Me",5.11a,,https://www.mountainproject.com/route/108073763/super-size-me,1,"California > Lake Tahoe > I-80 Corridor > Bowman/Emeralds > The Emeralds > The Benches > Fast Food Wall",3.6,4,Lead,Redpoint,Sport,,80,4600
2023-06-17,"Sun Burn",5.11b,,https://www.mountainproject.com/route/108070237/sun-burn,1,"California > Lake Tahoe > I-80 Corridor > Bowman/Emeralds > The Emeralds > The Benches > The Fortress",2.8,-1,Lead,Redpoint,Sport,,55,4900
2023-06-17,"Sun Burn",5.11b,,https://www.mountainproject.com/route/108070237/sun-burn,1,"California > Lake Tahoe > I-80 Corridor > Bowman/Emeralds > The Emeralds > The Benches > The Fortress",2.8,-1,Lead,Fell/Hung,Sport,,55,4900
2023-06-09,"Inconvenient Truth",5.9+,,https://www.mountainproject.com/route/107190266/inconvenient-truth,1,"California > Sierra Eastside > Mammoth Lakes Area > Warming Wall",2.5,3,Lead,Redpoint,Sport,5.10a,50,2500
2023-06-09,"Hot Flash",5.10a,,https://www.mountainproject.com/route/105912962/hot-flash,1,"California > Sierra Eastside > Mammoth Lakes Area > Warming Wall",2.0,-1,Lead,Onsight,Sport,,50,2600
2023-06-09,"Banana Boy",5.11b/c,,https://www.mountainproject.com/route/105912967/banana-boy,1,"California > Sierra Eastside > Mammoth Lakes Area > Warming Wall",2.2,-1,Lead,Flash,Sport,,50,5100
2023-06-08,"Unknown V0/V1",V1,,https://www.mountainproject.com/route/106442771/unknown-v0v1,1,"California > Sierra Eastside > Bishop Area > Buttermilk Country > Buttermilks Main > The Loaf",2.0,-1,Flash,,Boulder,,12,20100
2023-06-08,"Birthday Left",V1,,https://www.mountainproject.com/route/106027080/birthday-left,1,"California > Sierra Eastside > Bishop Area > Buttermilk Country > Buttermilks Main > Birthday Boulders",2.3,-1,Send,,Boulder,,10,20100
2023-06-07,"Twitch  (easy start)",5.11a,,https://www.mountainproject.com/route/109341291/twitch-easy-start,1,"California > Sierra Eastside > Bishop Area > Pine Creek Canyon > Scheelite Canyon / Pratt's Crack Gully > Ministry Wall",2.6,-1,Lead,Onsight,"Sport, TR",,75,4600
2023-06-07,Sheila,5.10b,,https://www.mountainproject.com/route/105967548/sheila,1,"California > Sierra Eastside > Bishop Area > Pine Creek Canyon > Scheelite Canyon / Pratt's Crack Gully > Pratt's Crack / Dihedrals Area",3.9,-1,TR,,Trad,,180,2900
2023-06-07,"Chunky Monkey",5.12a,"Need to match on the roght hand rail at bolt 3 and fire right hand up to notch…",https://www.mountainproject.com/route/108770339/chunky-monkey,1,"California > Sierra Eastside > Bishop Area > Pine Creek Canyon > Scheelite Canyon / Pratt's Crack Gully > Bavarian Wall and The Far Side",2.9,-1,Lead,Fell/Hung,Sport,,80,6600
2023-06-07,"Never Believe",5.10c,,https://www.mountainproject.com/route/106508612/never-believe,1,"California > Sierra Eastside > Bishop Area > Pine Creek Canyon > Scheelite Canyon / Pratt's Crack Gully > Ministry Wall",2.7,-1,Lead,Fell/Hung,Sport,,80,3200
2023-06-06,"Blast Furnace",5.9,,https://www.mountainproject.com/route/109405817/blast-furnace,1,"California > Sierra Eastside > Bishop Area > Pine Creek Canyon > Scheelite Canyon / Pratt's Crack Gully > Mustache Wall",2.1,-1,Lead,Onsight,Sport,,80,2400
2023-06-06,"Flamed Variation",5.10b,,https://www.mountainproject.com/route/117939805/flamed-variation,1,"California > Sierra Eastside > Bishop Area > Pine Creek Canyon > Scheelite Canyon / Pratt's Crack Gully > Mustache Wall",2.7,-1,Lead,Onsight,Sport,,85,2900
2023-06-06,Hanabata,5.9,,https://www.mountainproject.com/route/117974378/hanabata,1,"California > Sierra Eastside > Bishop Area > Pine Creek Canyon > Scheelite Canyon / Pratt's Crack Gully > Bavarian Wall and The Far Side",2.2,-1,Lead,Onsight,Trad,,50,2400
2023-06-06,"When Cattle Talk",5.11b,,https://www.mountainproject.com/route/113186250/when-cattle-talk,1,"California > Sierra Eastside > Bishop Area > Pine Creek Canyon > Scheelite Canyon / Pratt's Crack Gully > Bavarian Wall and The Far Side",2.8,3,Lead,Onsight,Sport,5.11b,80,4900
2023-05-17,"Feel the Chi",5.10a/b,,https://www.mountainproject.com/route/114256746/feel-the-chi,1,"Oregon > Central Oregon > Smith Rock > (c) Shipwreck Wall > Shipwreck Wall - River Face",2.5,-1,Lead,Onsight,Sport,,,2800
2023-05-17,"More Sandy than Kevin",5.11a,,https://www.mountainproject.com/route/105790430/more-sandy-than-kevin,1,"Oregon > Central Oregon > Smith Rock > (c) Shipwreck Wall > Shipwreck Wall - East Face",2.9,-1,Lead,Redpoint,Sport,,,4600
2023-05-17,"More Sandy than Kevin",5.11a,,https://www.mountainproject.com/route/105790430/more-sandy-than-kevin,1,"Oregon > Central Oregon > Smith Rock > (c) Shipwreck Wall > Shipwreck Wall - East Face",2.9,-1,Lead,Fell/Hung,Sport,,,4600
2023-05-17,"Phone Call From Satan",5.9,,https://www.mountainproject.com/route/105803921/phone-call-from-satan,1,"Oregon > Central Oregon > Smith Rock > (e) Western Ship - River Face",3.1,-1,Lead,Onsight,Sport,,95,2400
2023-05-16,"Cool Ranch Flavor",5.11b,,https://www.mountainproject.com/route/105820366/cool-ranch-flavor,1,"Oregon > Central Oregon > Smith Rock > (g) Morning Glory Wall",2.5,-1,Lead,Fell/Hung,Sport,,80,4900
2023-05-16,"Dances with Clams",5.10a/b,,https://www.mountainproject.com/route/105821110/dances-with-clams,1,"Oregon > Central Oregon > Smith Rock > (u) Red Wall",2.5,-1,Lead,Onsight,Sport,,35,2800
2023-05-16,"Entering Relativity",5.10d,,https://www.mountainproject.com/route/107283574/entering-relativity,1,"Oregon > Central Oregon > Smith Rock > (m) Smith Rock Group > (2) Llama Wall",3.1,-1,Lead,Onsight,Sport,,100,3500
2023-05-16,"Llama Enlightenment",5.10c,,https://www.mountainproject.com/route/105820873/llama-enlightenment,1,"Oregon > Central Oregon > Smith Rock > (m) Smith Rock Group > (2) Llama Wall",2.9,-1,Lead,Onsight,Sport,,85,3200
2023-05-14,Phoenix,5.10a,,https://www.mountainproject.com/route/105790327/phoenix,1,"Oregon > Central Oregon > Smith Rock > (m) Smith Rock Group > (3) Phoenix",3.0,-1,Lead,Onsight,Sport,,90,2600
2023-05-14,"Thieves Like Us",5.10c,,https://www.mountainproject.com/route/108281533/thieves-like-us,1,"Oregon > Central Oregon > Smith Rock > (m) Smith Rock Group > (6) Northwest Face",3.0,-1,Lead,Onsight,Sport,,95,3200
2023-05-14,"Rainbow Connection",5.10b,,https://www.mountainproject.com/route/120433423/rainbow-connection,1,"Oregon > Central Oregon > Smith Rock > (c) Shipwreck Wall > Shipwreck Wall - River Face",2.4,-1,Lead,Flash,Sport,,75,2900
2023-05-12,"Quest for Fire",5.10c,,https://www.mountainproject.com/route/105799356/quest-for-fire,1,"Idaho > South Idaho > City of Rocks > Flaming Rock",2.8,-1,Lead,Onsight,Sport,,80,3200
2023-05-12,Firewater,5.11b,Clean,https://www.mountainproject.com/route/105799349/firewater,1,"Idaho > South Idaho > City of Rocks > Flaming Rock",3.3,-1,TR,,Sport,,80,4900
2023-05-12,"Tribal Boundaries",5.10a/b,,https://www.mountainproject.com/route/105741602/tribal-boundaries,1,"Idaho > South Idaho > City of Rocks > Flaming Rock",3.7,-1,Lead,Onsight,Sport,,60,2800
2023-05-09,"Worthy Whoopsie",5.11a,,https://www.mountainproject.com/route/105999544/worthy-whoopsie,2,"Utah > Wasatch Range > Central Wasatch > Big Cottonwood Canyon > Challenge Buttress > East Face",2.6,-1,Lead,Flash,Sport,,185,4600
2023-05-09,"Better than Bitter",5.10b/c,,https://www.mountainproject.com/route/105741473/better-than-bitter,1,"Utah > Wasatch Range > Central Wasatch > Big Cottonwood Canyon > Challenge Buttress > North and West Faces",3.1,-1,Lead,Fell/Hung,Sport,,80,3100
2023-05-09,"Winky and Waxman Go Bolting",5.10d,,https://www.mountainproject.com/route/105740252/winky-and-waxman-go-bolting,1,"Utah > Wasatch Range > Central Wasatch > Big Cottonwood Canyon > Challenge Buttress > North and West Faces",2.4,-1,Lead,Flash,Sport,,30,3500
2023-05-09,"Coral Bells Arete",5.9,,https://www.mountainproject.com/route/105740231/coral-bells-arete,1,"Utah > Wasatch Range > Central Wasatch > Big Cottonwood Canyon > Challenge Buttress > East Face",2.5,-1,Lead,Onsight,Trad,,70,2400
2023-05-09,"Chambered Nautilus",5.10a,,https://www.mountainproject.com/route/105740234/chambered-nautilus,1,"Utah > Wasatch Range > Central Wasatch > Big Cottonwood Canyon > Challenge Buttress > East Face",2.8,-1,Lead,Onsight,Sport,,70,2600
2023-05-09,"Daily Diatribe",5.7,,https://www.mountainproject.com/route/105740228/daily-diatribe,1,"Utah > Wasatch Range > Central Wasatch > Big Cottonwood Canyon > Challenge Buttress > East Face",1.5,-1,Lead,Flash,Trad,,50,1800
2023-05-09,"Touch of Teflon",5.10c,"Clean. Cool movement",https://www.mountainproject.com/route/105740225/touch-of-teflon,1,"Utah > Wasatch Range > Central Wasatch > Big Cottonwood Canyon > Challenge Buttress > East Face",2.9,-1,TR,,Trad,,50,3200
2023-05-09,MEGA,5.9,,https://www.mountainproject.com/route/106008134/mega,1,"Utah > Wasatch Range > Central Wasatch > Big Cottonwood Canyon > Challenge Buttress > East Face",2.3,-1,Lead,Onsight,Sport,,110,2400
2023-05-07,"Cobweb Splitter",5.11,"2 hangs or so. Topped it",https://www.mountainproject.com/route/120652263/cobweb-splitter,1,"Utah > Southeast Utah > Indian Creek > The Optimator",3.9,-1,TR,,Trad,,100,5000
2023-05-07,"Pat's Blue Ribbon",5.13-,"Did not make it to top. Insane",https://www.mountainproject.com/route/106438398/pats-blue-ribbon,1,"Utah > Southeast Utah > Indian Creek > The Optimator",3.8,-1,TR,,Trad,,70,8700
2023-05-06,"El Cubano",5.10,,https://www.mountainproject.com/route/117760748/el-cubano,1,"Utah > Southeast Utah > Indian Creek > The Optimator",2.1,-1,TR,,Trad,,40,3000
2023-05-06,"Brodie Machine",5.9,,https://www.mountainproject.com/route/105891553/brodie-machine,1,"Utah > Southeast Utah > Indian Creek > The Optimator",2.0,-1,Lead,,Trad,,60,2400
2023-05-06,"Hayutake [direct start]",5.11-,Clean,https://www.mountainproject.com/route/122370152/hayutake-direct-start,1,"Utah > Southeast Utah > Indian Creek > The Optimator",3.3,-1,TR,,Trad,,110,4700
2023-05-05,Encore,5.11a,,https://www.mountainproject.com/route/112554704/encore,1,"Utah > Southeast Utah > River Road > Take-Out Beach > The Cinema",3.3,-1,Lead,Redpoint,Sport,,80,4600
2023-05-04,"Slots of Fun",V2,,https://www.mountainproject.com/route/106115881/slots-of-fun,1,"Utah > Southeast Utah > River Road > Big Bend Bouldering Area > The Black Box",2.8,-1,Send,,Boulder,,,20200
2023-05-04,"Washed Up",V4,"About 8 tries",https://www.mountainproject.com/route/106588054/washed-up,1,"Utah > Southeast Utah > River Road > Big Bend Bouldering Area > The Wash Boulder",3.2,-1,Send,,Boulder,,,20400
2023-05-04,"Center Start",V1,,https://www.mountainproject.com/route/106115877/center-start,1,"Utah > Southeast Utah > River Road > Big Bend Bouldering Area > The Black Box",2.5,-1,Send,,Boulder,,,20100
2023-05-04,"Hueco Cranks",V2,,https://www.mountainproject.com/route/107624646/hueco-cranks,1,"Utah > Southeast Utah > River Road > Big Bend Bouldering Area > The Hueco Traverse Boulder",2.6,-1,Send,,Boulder,,10,20200
2023-05-03,"Arete Right Side",V3+,,https://www.mountainproject.com/route/105804671/arete-right-side,1,"Utah > Southeast Utah > River Road > Big Bend Bouldering Area > The Black Box",2.9,-1,Attempt,,Boulder,,,20310
2023-05-02,Grins,5.8,,https://www.mountainproject.com/route/105748418/grins,1,"Colorado > Boulder > Boulder Canyon > Happy Hour Crag",2.8,-1,Lead,Onsight,"Trad, TR",,,2100
2023-05-01,"Wheel of Fortune",5.10a,,https://www.mountainproject.com/route/105761337/wheel-of-fortune,1,"Colorado > Boulder > Boulder Canyon > Avalon > Second Tier > Tarot Wall",2.1,-1,Lead,Onsight,Sport,,60,2600
2023-05-01,Stigmata,5.10a,,https://www.mountainproject.com/route/105758260/stigmata,1,"Colorado > Boulder > Boulder Canyon > Avalon > Second Tier > Clipboard Area",2.3,-1,Lead,Flash,Trad,,50,2600
2023-05-01,"Chairman of the Board",5.11+,"Made it to top crux and fell. What a route",https://www.mountainproject.com/route/105761295/chairman-of-the-board,1,"Colorado > Boulder > Boulder Canyon > Avalon > Second Tier > Clipboard Area",3.0,-1,Lead,Fell/Hung,Sport,,50,5300
2023-05-01,"Chairman of the Board",5.11+,"Hung twice. Wonderful movement",https://www.mountainproject.com/route/105761295/chairman-of-the-board,1,"Colorado > Boulder > Boulder Canyon > Avalon > Second Tier > Clipboard Area",3.0,-1,Lead,Fell/Hung,Sport,,50,5300
2023-04-30,Freeway,5.0,,https://www.mountainproject.com/route/105752023/freeway,6,"Colorado > Boulder > Flatirons > North > Second Flatiron",3.3,-1,Solo,,Trad,,600,1000
2023-04-29,"Shady Deal",5.11b/c,,https://www.mountainproject.com/route/105763194/shady-deal,1,"Colorado > Boulder > Boulder Canyon > The Bowling Alley > Lower Right Side",2.3,-1,Lead,Fell/Hung,Sport,,40,5100
2023-04-29,"Splitting Hares",5.10a,,https://www.mountainproject.com/route/105760332/splitting-hares,1,"Colorado > Boulder > Boulder Canyon > The Bowling Alley > Lower Right Side",2.3,-1,Lead,Onsight,Sport,,60,2600
2023-04-29,"Happy Ending",5.10,,https://www.mountainproject.com/route/105762984/happy-ending,1,"Colorado > Boulder > Boulder Canyon > The Bowling Alley > Lower Right Side",2.0,-1,Lead,Flash,Sport,,50,3000
2023-04-27,Disinclination,5.7,,https://www.mountainproject.com/route/105761364/disinclination,1,"Colorado > Boulder > Boulder Canyon > Avalon > Second Tier > Middle Wall",1.9,-1,Lead,Onsight,Sport,,90,1800
2023-04-27,"The Clipboard",5.11a/b,,https://www.mountainproject.com/route/105758257/the-clipboard,1,"Colorado > Boulder > Boulder Canyon > Avalon > Second Tier > Clipboard Area",2.7,-1,Lead,Onsight,Sport,,50,4800
2023-04-27,Dominator,5.10c,,https://www.mountainproject.com/route/105758062/dominator,1,"Colorado > Boulder > Boulder Canyon > Avalon > Second Tier > Three Dihedrals",3.0,-1,Lead,Onsight,Sport,,60,3200
2023-04-25,Vanadium,5.10-,,https://www.mountainproject.com/route/109596530/vanadium,1,"Colorado > Boulder > Boulder Canyon > Mine Hole Crag",1.5,-1,Lead,Flash,Trad,,100,2700
2023-04-24,"Don't Pull on the Udder",5.8,,https://www.mountainproject.com/route/105764727/dont-pull-on-the-udder,1,"Colorado > Boulder > Boulder Canyon > Mine Hole Crag",1.6,-1,Lead,Flash,"Trad, Sport",,,2100
2023-04-24,"Days of Future Passed aka Our Future Has Passed",5.12a,,https://www.mountainproject.com/route/105758080/days-of-future-passed-aka-our-future-has-passed,1,"Colorado > Boulder > Boulder Canyon > Animal World > Lower Animal World",2.8,-1,Lead,Fell/Hung,Sport,,,6600
2023-04-24,"Free Willie",5.11a,,https://www.mountainproject.com/route/105749956/free-willie,1,"Colorado > Boulder > Boulder Canyon > Animal World > Lower Animal World",3.2,-1,Lead,Onsight,Sport,,80,4600
2023-04-24,Animation,5.8,,https://www.mountainproject.com/route/105749785/animation,1,"Colorado > Boulder > Boulder Canyon > Animal World > Lower Animal World",3.2,-1,Lead,Onsight,Sport,,100,2100
2023-04-22,Fernando,5.11b,,https://www.mountainproject.com/route/106353378/fernando,1,"Utah > Southeast Utah > Potash Road > Wall Street",3.1,-1,Lead,Fell/Hung,Sport,,50,4900
2023-04-22,"Ralph the Rat",5.11b,,https://www.mountainproject.com/route/107582984/ralph-the-rat,1,"Utah > Southeast Utah > Potash Road > Wall Street",2.3,-1,Lead,Fell/Hung,Sport,,40,4900
2023-04-21,"The Exhibitionist",5.11a,,https://www.mountainproject.com/route/120238976/the-exhibitionist,1,"Utah > Southeast Utah > River Road > Take-Out Beach > The Stage",2.7,-1,Lead,Onsight,Sport,,50,4600
2023-04-21,"All’s Well That Sends Well",5.10b,,https://www.mountainproject.com/route/116967966/alls-well-that-sends-well,1,"Utah > Southeast Utah > River Road > Take-Out Beach > The Theater",2.5,-1,Lead,Redpoint,Sport,,70,2900
2023-04-21,"Taming of the Boo",5.10c,,https://www.mountainproject.com/route/112556972/taming-of-the-boo,1,"Utah > Southeast Utah > River Road > Take-Out Beach > The Theater",3.1,-1,Lead,Redpoint,Sport,,75,3200
2023-04-21,"All the World's a Stage",5.12a,"Got to top but had to take at many bolts. Pumpy",https://www.mountainproject.com/route/113069228/all-the-worlds-a-stage,1,"Utah > Southeast Utah > River Road > Take-Out Beach > The Theater",3.6,-1,Lead,Fell/Hung,Sport,,90,6600
2023-04-20,"One Eyed Willy",5.7,,https://www.mountainproject.com/route/112542433/one-eyed-willy,1,"Utah > Southeast Utah > River Road > Take-Out Beach > The Cinema",2.3,-1,Lead,Onsight,Sport,,45,1800
2023-04-20,"A Pound Of Choss",5.10b/c,,https://www.mountainproject.com/route/122081807/a-pound-of-choss,1,"Utah > Southeast Utah > River Road > Take-Out Beach > The Theater",2.8,-1,Lead,Redpoint,Sport,,75,3100
2023-04-20,"Protest Too Much",5.11c,,https://www.mountainproject.com/route/114227445/protest-too-much,1,"Utah > Southeast Utah > River Road > Take-Out Beach > The Theater",3.1,-1,Lead,Redpoint,Sport,,,5200
2023-04-20,"An Overflow of Good",5.11b,"Roof killed me",https://www.mountainproject.com/route/112556994/an-overflow-of-good,1,"Utah > Southeast Utah > River Road > Take-Out Beach > The Theater",3.3,-1,Lead,Fell/Hung,Sport,,90,4900
2023-04-19,"Texas Two Step",5.10b,"Wideness defeated me",https://www.mountainproject.com/route/105717604/texas-two-step,1,"Utah > Southeast Utah > Potash Road > Long Canyon > Maverick Buttress",2.7,-1,TR,,Trad,,,2900
2023-04-18,Hubble,5.11+,"Fell a few times at crux. Hung once at topiah section. Finished but paaiinful",https://www.mountainproject.com/route/106466053/hubble,1,"Utah > Southeast Utah > Potash Road > Mars",3.2,-1,Lead,Fell/Hung,Sport,,95,5300
2023-04-18,"Free Beer",5.11c,,https://www.mountainproject.com/route/106466043/free-beer,1,"Utah > Southeast Utah > Potash Road > Mars",2.9,-1,Lead,Redpoint,Sport,,50,5200
2023-04-18,"Free Beer",5.11c,,https://www.mountainproject.com/route/106466043/free-beer,1,"Utah > Southeast Utah > Potash Road > Mars",2.9,-1,Lead,Fell/Hung,Sport,,50,5200
2023-04-18,"Tax Free $",5.10c,,https://www.mountainproject.com/route/106466062/tax-free,1,"Utah > Southeast Utah > Potash Road > Mars",3.1,-1,Lead,Flash,Sport,,95,3200
2023-04-18,Cameo,5.9+,,https://www.mountainproject.com/route/106932500/cameo,1,"Utah > Southeast Utah > Potash Road > Mars",2.1,-1,Lead,Onsight,Sport,,50,2500
2023-04-16,"Nuclear Fingers",5.11-,,https://www.mountainproject.com/route/116134602/nuclear-fingers,1,"Utah > Southeast Utah > Indian Creek > Sinbad Wall aka Nuclear Wall",3.1,-1,TR,,Trad,,45,4700
2023-04-16,"Unnamed Fingers in Left Facing Corner",5.11,,https://www.mountainproject.com/route/116134706/unnamed-fingers-in-left-facing-corner,1,"Utah > Southeast Utah > Indian Creek > Sinbad Wall aka Nuclear Wall",3.4,-1,TR,,Trad,,65,5000
2023-04-16,Meltdown,5.9+,,https://www.mountainproject.com/route/116093642/meltdown,1,"Utah > Southeast Utah > Indian Creek > Sinbad Wall aka Nuclear Wall",2.3,-1,TR,,Trad,,45,2500
2023-04-15,Babel,5.10,,https://www.mountainproject.com/route/112556966/babel,1,"Utah > Southeast Utah > River Road > Take-Out Beach > The Cinema",2.2,-1,Lead,Redpoint,Sport,,80,3000
2023-04-15,"True Grit",5.9+,,https://www.mountainproject.com/route/112556961/true-grit,1,"Utah > Southeast Utah > River Road > Take-Out Beach > The Cinema",2.6,-1,Lead,Onsight,Sport,,80,2500
2023-04-15,Encore,5.11a,,https://www.mountainproject.com/route/112554704/encore,1,"Utah > Southeast Utah > River Road > Take-Out Beach > The Cinema",3.3,-1,Lead,Redpoint,Sport,,80,4600
2023-04-15,Encore,5.11a,,https://www.mountainproject.com/route/112554704/encore,1,"Utah > Southeast Utah > River Road > Take-Out Beach > The Cinema",3.3,-1,Lead,Fell/Hung,Sport,,80,4600
2023-04-12,"Block Party",V5,"Left hand up to top, roght foot solid placement on small triangle foot",https://www.mountainproject.com/route/106960646/block-party,1,"Utah > Southeast Utah > River Road > Big Bend Bouldering Area > Block Top Boulder",3.5,4,Send,,Boulder,V5,12,20500
2023-04-12,"Protest Too Much",5.11c,"Fell once",https://www.mountainproject.com/route/114227445/protest-too-much,1,"Utah > Southeast Utah > River Road > Take-Out Beach > The Theater",3.1,-1,TR,,Sport,,,5200
2023-04-12,"Life Is A Banquet",5.10c/d,,https://www.mountainproject.com/route/120424692/life-is-a-banquet,1,"Utah > Southeast Utah > River Road > Take-Out Beach > The Theater",2.9,-1,Lead,Onsight,Sport,,60,3400
2023-04-12,"Frothing For Pockets",5.10c,,https://www.mountainproject.com/route/122315288/frothing-for-pockets,1,"Utah > Southeast Utah > River Road > Take-Out Beach > The Theater",2.9,-1,Lead,Fell/Hung,Sport,,70,3200
2023-04-12,"Taming of the Boo",5.10c,,https://www.mountainproject.com/route/112556972/taming-of-the-boo,1,"Utah > Southeast Utah > River Road > Take-Out Beach > The Theater",3.1,-1,Lead,Onsight,Sport,,75,3200
2023-04-12,"A Pound Of Choss",5.10b/c,,https://www.mountainproject.com/route/122081807/a-pound-of-choss,1,"Utah > Southeast Utah > River Road > Take-Out Beach > The Theater",2.8,-1,Lead,Onsight,Sport,,75,3100
2023-04-12,"All’s Well That Sends Well",5.10b,,https://www.mountainproject.com/route/116967966/alls-well-that-sends-well,1,"Utah > Southeast Utah > River Road > Take-Out Beach > The Theater",2.5,-1,Lead,Onsight,Sport,,70,2900
2023-04-12,"To Boo, or Not to Boo",5.10a,,https://www.mountainproject.com/route/112556981/to-boo-or-not-to-boo,1,"Utah > Southeast Utah > River Road > Take-Out Beach > The Theater",2.8,-1,Lead,Onsight,Sport,,75,2600
2023-04-11,"Twin Cracks",5.8+,"Logan paul and devin",https://www.mountainproject.com/route/105717445/twin-cracks,1,"Utah > Southeast Utah > Indian Creek > Supercrack Buttress",2.5,-1,Lead,Onsight,Trad,,40,2200
2023-04-11,"Binou's Crack",5.8+,"Paul devin charlie and logan",https://www.mountainproject.com/route/105717346/binous-crack,1,"Utah > Southeast Utah > Indian Creek > Donnelly Canyon",2.7,-1,Lead,Onsight,Trad,,,2200
2023-04-10,"Flakes of Wrath Direct","5.11 R",,https://www.mountainproject.com/route/106927403/flakes-of-wrath-direct,1,"Utah > Southeast Utah > Potash Road > Wall Street",3.2,-1,TR,,Trad,,,5000
2023-04-10,"Flakes of Wrath",5.9+,,https://www.mountainproject.com/route/105717511/flakes-of-wrath,1,"Utah > Southeast Utah > Potash Road > Wall Street",3.5,-1,TR,,"Trad, TR",,,2500
2023-04-10,"Willow Whip",5.6,,https://www.mountainproject.com/route/106166533/willow-whip,1,"Utah > Southeast Utah > Potash Road > Wall Street",1.8,-1,Lead,Onsight,Trad,,60,1600
2023-04-10,"Brewed Awakenings",5.5,,https://www.mountainproject.com/route/106513977/brewed-awakenings,1,"Utah > Southeast Utah > Kane Springs Canyon > Ice Cream Parlor",1.8,-1,Lead,Onsight,Trad,,40,1500
2023-04-10,"5.6 Corner",5.7,,https://www.mountainproject.com/route/105936677/56-corner,1,"Utah > Southeast Utah > Kane Springs Canyon > Ice Cream Parlor",2.2,-1,Lead,Onsight,Trad,,50,1800
2023-04-10,"Crack 1",5.8,,https://www.mountainproject.com/route/105717451/crack-1,1,"Utah > Southeast Utah > Kane Springs Canyon > Ice Cream Parlor",2.6,-1,Lead,Onsight,Trad,,,2100
2023-04-09,"Saving Ryan’s Privates",5.11a,,https://www.mountainproject.com/route/120051597/saving-ryans-privates,1,"Utah > Southeast Utah > River Road > Take-Out Beach > The Cinema",2.3,-1,Lead,Fell/Hung,Sport,,35,4600
2023-04-09,"Trail Traverse",V3,"2nd attempt",https://www.mountainproject.com/route/107920457/trail-traverse,1,"Utah > Southeast Utah > River Road > Big Bend Bouldering Area > Trail Boulder",2.8,-1,Send,,Boulder,,20,20300
2023-04-09,"Pale Rider",5.9,,https://www.mountainproject.com/route/120403157/pale-rider,1,"Utah > Southeast Utah > River Road > Take-Out Beach > The Cinema",2.5,-1,Lead,Onsight,Sport,,50,2400
2023-04-09,"Men in Tights",5.10a,,https://www.mountainproject.com/route/112542533/men-in-tights,1,"Utah > Southeast Utah > River Road > Take-Out Beach > The Cinema",3.3,-1,Lead,Onsight,Sport,,95,2600
2023-04-07,"Pancake Mantle",V1,,https://www.mountainproject.com/route/107400070/pancake-mantle,1,"Utah > Southeast Utah > River Road > Big Bend Bouldering Area > The Sand Traverse Boulder (AKA The Mushroom Boulder)",2.1,-1,Flash,,Boulder,,4,20100
2023-04-07,"Slots of Fun",V2,,https://www.mountainproject.com/route/106115881/slots-of-fun,1,"Utah > Southeast Utah > River Road > Big Bend Bouldering Area > The Black Box",2.8,-1,Send,,Boulder,,,20200
2023-04-07,"Center Start",V1,,https://www.mountainproject.com/route/106115877/center-start,1,"Utah > Southeast Utah > River Road > Big Bend Bouldering Area > The Black Box",2.5,-1,Flash,,Boulder,,,20100
2023-04-07,"Block Party",V5,"Almost stuck bottom crimp rail move. Need a few more sessions",https://www.mountainproject.com/route/106960646/block-party,1,"Utah > Southeast Utah > River Road > Big Bend Bouldering Area > Block Top Boulder",3.5,4,Attempt,,Boulder,V5,12,20500
2023-04-07,"Hueco Cranks",V2,,https://www.mountainproject.com/route/107624646/hueco-cranks,1,"Utah > Southeast Utah > River Road > Big Bend Bouldering Area > The Hueco Traverse Boulder",2.6,-1,Send,,Boulder,,10,20200
2023-04-07,"Leftover Lover",V0,,https://www.mountainproject.com/route/106115860/leftover-lover,1,"Utah > Southeast Utah > River Road > Big Bend Bouldering Area > Flat Top Boulder",2.3,-1,Flash,,Boulder,,,20008
2023-04-07,"Center Direct",V3,,https://www.mountainproject.com/route/109054130/center-direct,1,"Utah > Southeast Utah > River Road > Big Bend Bouldering Area > The Black Box",2.7,-1,Send,,Boulder,,15,20300
2023-04-01,"Dirty Clings Done Dirt Cheap",5.10a,"Sandy. Hollow. Probably not the right crag after a rain",https://www.mountainproject.com/route/122003647/dirty-clings-done-dirt-cheap,1,"Nevada > Southern Nevada > Red Rocks > (03) First Pullout (Calico I) > Classic Rock Wall",2.5,-1,Lead,Onsight,"Sport, TR",,45,2600
2023-04-01,"Times like these",5.9,,https://www.mountainproject.com/route/122022126/times-like-these,1,"Nevada > Southern Nevada > Red Rocks > (03) First Pullout (Calico I) > Cactus Corridor",1.9,-1,Lead,Onsight,Sport,,40,2400
2023-04-01,"Shine on J.P.",5.9,,https://www.mountainproject.com/route/122022084/shine-on-jp,1,"Nevada > Southern Nevada > Red Rocks > (03) First Pullout (Calico I) > Cactus Corridor",2.1,-1,Lead,Onsight,Sport,,35,2400
2023-04-01,"Cactus Juice",5.9,,https://www.mountainproject.com/route/121862988/cactus-juice,1,"Nevada > Southern Nevada > Red Rocks > (03) First Pullout (Calico I) > Cactus Massacre",2.4,-1,Lead,Onsight,Sport,,75,2400
2023-04-01,"Cactus Hugger",5.10d,Amazing,https://www.mountainproject.com/route/116697730/cactus-hugger,1,"Nevada > Southern Nevada > Red Rocks > (03) First Pullout (Calico I) > Cactus Massacre",2.5,4,Lead,Onsight,Sport,5.10d,70,3500
2023-03-31,"Wald Face",V2,,https://www.mountainproject.com/route/108731193/wald-face,1,"Nevada > Southern Nevada > Red Rock Boulders > (01) Calico Basin Boulders > Kraft Boulders > (03) Main Area > Potato Chip",2.5,4,Flash,,Boulder,,12,20200
2023-03-31,Jones'n,V4+,"Got to final jug and pumped and fell. Daaamniiiit",https://www.mountainproject.com/route/106732635/jonesn,1,"Nevada > Southern Nevada > Red Rock Boulders > (01) Calico Basin Boulders > Kraft Boulders > (03) Main Area > Burnout Boulder",3.2,-1,Attempt,,Boulder,,12,20410
2023-03-31,"The Wave",V3,,https://www.mountainproject.com/route/113802237/the-wave,1,"Nevada > Southern Nevada > Red Rock Boulders > (01) Calico Basin Boulders > Kraft Boulders > (04) The Pearl Area > The Wave Boulder",3.0,-1,Send,,Boulder,,15,20300
2023-03-31,"Monster Truck Challenge",5.11d,"Had to pull through the cruzx",https://www.mountainproject.com/route/116253678/monster-truck-challenge,1,"Nevada > Southern Nevada > La Madre Range > Lone Mountain > Urban Crag",2.4,-1,TR,,Sport,,55,5500
2023-03-31,"Tough Mudder",5.11b/c,"Fell a few times going to bolt 3. Fell at bolt 6. Dialed beta would likely go on try two or three",https://www.mountainproject.com/route/123579046/tough-mudder,1,"Nevada > Southern Nevada > La Madre Range > Lone Mountain > Urban Crag",2.9,4,Lead,Fell/Hung,Sport,,60,5100
2023-03-31,"Big Favor",5.10c,,https://www.mountainproject.com/route/114150541/big-favor,1,"Nevada > Southern Nevada > La Madre Range > Lone Mountain > Urban Crag",2.7,3,Lead,Redpoint,Sport,,50,3200
2023-03-30,Navajo,5.10b,"Fell after some missed beta",https://www.mountainproject.com/route/109850371/navajo,1,"Nevada > Southern Nevada > La Madre Range > Lone Mountain > Urban Crag",2.0,-1,Lead,Fell/Hung,Sport,,,2900
2023-03-30,"Philo Cramer",5.11a,,https://www.mountainproject.com/route/120241841/philo-cramer,1,"Nevada > Southern Nevada > La Madre Range > Lone Mountain > Urban Crag",3.0,-1,Lead,Redpoint,Sport,,60,4600
2023-03-30,"Philo Cramer",5.11a,"Fell on last move",https://www.mountainproject.com/route/120241841/philo-cramer,1,"Nevada > Southern Nevada > La Madre Range > Lone Mountain > Urban Crag",3.0,-1,Lead,Fell/Hung,Sport,,60,4600
2023-03-29,Center,V6-7,"Little bit better grip on it today. Started to sprinkle",https://www.mountainproject.com/route/113679909/center,1,"Nevada > Southern Nevada > Red Rock Boulders > (01) Calico Basin Boulders > Kraft Boulders > (03) Main Area > Potato Chip",2.3,-1,Attempt,,Boulder,,10,20650
2023-03-29,Jones'n,V4+,"End of session. Prolly get it when fresh ",https://www.mountainproject.com/route/106732635/jonesn,1,"Nevada > Southern Nevada > Red Rock Boulders > (01) Calico Basin Boulders > Kraft Boulders > (03) Main Area > Burnout Boulder",3.2,-1,Attempt,,Boulder,,12,20410
2023-03-29,"Southeast Face",V3,,https://www.mountainproject.com/route/107430262/southeast-face,1,"Nevada > Southern Nevada > Red Rock Boulders > (01) Calico Basin Boulders > Kraft Boulders > (03) Main Area > The Butt Crack Boulder",2.2,-1,Flash,,Boulder,,10,20300
2023-03-29,[Redacted],V2,"Two tries for warmup",https://www.mountainproject.com/route/107430933/redacted,1,"Nevada > Southern Nevada > Red Rock Boulders > (01) Calico Basin Boulders > Kraft Boulders > (03) Main Area > [Redacted]",2.3,-1,Attempt,,Boulder,,12,20200
2023-03-29,"Smiley Face",V1,,https://www.mountainproject.com/route/107430940/smiley-face,1,"Nevada > Southern Nevada > Red Rock Boulders > (01) Calico Basin Boulders > Kraft Boulders > (03) Main Area > [Redacted]",2.3,-1,Send,,Boulder,,10,20100
2023-03-29,"Earth Angel",V2,"Two tries",https://www.mountainproject.com/route/106705820/earth-angel,1,"Nevada > Southern Nevada > Red Rock Boulders > (01) Calico Basin Boulders > Kraft Boulders > (03) Main Area > Angel Dyno",2.5,-1,Send,,Boulder,,8,20200
2023-03-29,"The Huck",V5-,"Suuuper hard to hold that last crimp",https://www.mountainproject.com/route/106705830/the-huck,1,"Nevada > Southern Nevada > Red Rock Boulders > (01) Calico Basin Boulders > Kraft Boulders > (03) Main Area > Angel Dyno",3.1,-1,Attempt,,Boulder,,12,20470
2023-03-27,Saguaro,5.11a/b,"Fell at crux because of generalized weakness in the body",https://www.mountainproject.com/route/116697646/saguaro,1,"Nevada > Southern Nevada > Red Rocks > (03) First Pullout (Calico I) > Cactus Massacre",2.8,-1,Lead,Fell/Hung,Sport,,60,4800
2023-03-27,"One Flew Over a Cactus Nest",5.10b,,https://www.mountainproject.com/route/116697386/one-flew-over-a-cactus-nest,1,"Nevada > Southern Nevada > Red Rocks > (03) First Pullout (Calico I) > Cactus Massacre",2.6,-1,Lead,Onsight,Sport,,70,2900
2023-03-27,"Over a Barrel",5.10d,"Fell at the top. So pumped!",https://www.mountainproject.com/route/116697487/over-a-barrel,1,"Nevada > Southern Nevada > Red Rocks > (03) First Pullout (Calico I) > Cactus Massacre",3.0,-1,Lead,Fell/Hung,Sport,,70,3500
2023-03-26,Center,V6-7,,https://www.mountainproject.com/route/113679909/center,1,"Nevada > Southern Nevada > Red Rock Boulders > (01) Calico Basin Boulders > Kraft Boulders > (03) Main Area > Potato Chip",2.3,-1,Attempt,,Boulder,,10,20650
2023-03-26,Fluffer,V2-,,https://www.mountainproject.com/route/106657480/fluffer,1,"Nevada > Southern Nevada > Red Rock Boulders > (01) Calico Basin Boulders > Kraft Boulders > (03) Main Area > Warm-up Boulders Main",2.3,-1,Send,,Boulder,,15,20170
2023-03-26,"Your Project",V5,"About 12-15 tries…super high foot off of two strange crimps",https://www.mountainproject.com/route/106657484/your-project,1,"Nevada > Southern Nevada > Red Rock Boulders > (01) Calico Basin Boulders > Kraft Boulders > (03) Main Area > Warm-up Boulders Main",3.0,4,Send,,Boulder,V5,,20500
2023-03-24,"Tapestry of Flaws",5.10a,,https://www.mountainproject.com/route/120453310/tapestry-of-flaws,1,"Nevada > Southern Nevada > Blue Diamond Area > Blue Diamond Cave",2.0,-1,Lead,Onsight,Sport,,40,2600
2023-03-24,"The Griswolds",5.10b,,https://www.mountainproject.com/route/121883568/the-griswolds,1,"Nevada > Southern Nevada > Blue Diamond Area > Blue Diamond Cave",2.6,-1,Lead,Onsight,Sport,,60,2900
2023-03-24,"Apocalypse Meow",5.9+,,https://www.mountainproject.com/route/120761084/apocalypse-meow,1,"Nevada > Southern Nevada > Blue Diamond Area > Blue Diamond Cave",2.0,-1,Lead,Onsight,Sport,,40,2500
2023-03-24,"The Enemy is Us",5.10b,,https://www.mountainproject.com/route/120453636/the-enemy-is-us,1,"Nevada > Southern Nevada > Blue Diamond Area > Blue Diamond Cave",2.3,-1,Lead,Onsight,Sport,,40,2900
2023-03-24,Shipwreck,5.10d,,https://www.mountainproject.com/route/120453768/shipwreck,1,"Nevada > Southern Nevada > Blue Diamond Area > Blue Diamond Cave",2.3,-1,Lead,Onsight,Sport,,45,3500
2023-03-23,"Thermonuclear Twitter Warfare",5.10a,"Finished it off quick in the rain after bartosz hung",https://www.mountainproject.com/route/120453518/thermonuclear-twitter-warfare,1,"Nevada > Southern Nevada > Blue Diamond Area > Blue Diamond Cave",2.2,-1,Lead,Onsight,Sport,,40,2600
2023-03-23,"A Ripple in the Stream",5.10c,,https://www.mountainproject.com/route/121499297/a-ripple-in-the-stream,1,"Nevada > Southern Nevada > Blue Diamond Area > Blue Diamond Cave",2.8,-1,Lead,Onsight,Sport,,60,3200
2023-03-23,"Delayed Choice Quantum Eraser",5.10b,,https://www.mountainproject.com/route/120761041/delayed-choice-quantum-eraser,1,"Nevada > Southern Nevada > Blue Diamond Area > Blue Diamond Cave",2.2,-1,Lead,Onsight,Sport,,30,2900
2023-03-23,Skynet,5.9-,,https://www.mountainproject.com/route/120453412/skynet,1,"Nevada > Southern Nevada > Blue Diamond Area > Blue Diamond Cave",2.0,-1,Lead,Onsight,Sport,,30,2300
2023-03-22,"Bolting Without a Permit",5.10,,https://www.mountainproject.com/route/120543789/bolting-without-a-permit,1,"Nevada > Southern Nevada > La Madre Range > The Gun Club > Left (South) Wall",2.1,-1,Lead,Onsight,"Sport, TR",,75,3000
2023-03-22,"Bad Shot",5.9,,https://www.mountainproject.com/route/114153050/bad-shot,1,"Nevada > Southern Nevada > La Madre Range > The Gun Club > Left (South) Wall",2.2,-1,Lead,Onsight,Sport,,50,2400
2023-03-03,"Eddie's Trundling Service",5.7,,https://www.mountainproject.com/route/121380054/eddies-trundling-service,1,"California > San Francisco Bay Area > Mickey's Beach > Vent 5 > The Juice Shop",2.3,4,Lead,Redpoint,Sport,5.9,45,1800
2023-03-03,"Fall Punch",5.10a,,https://www.mountainproject.com/route/121380025/fall-punch,1,"California > San Francisco Bay Area > Mickey's Beach > Vent 5 > The Juice Shop",2.1,4,Lead,Redpoint,Sport,5.10a/b,35,2600
2023-03-03,Skrink,5.7,,https://www.mountainproject.com/route/121605321/skrink,1,"California > San Francisco Bay Area > Mickey's Beach > Vent 5 > Vent #5",2.0,-1,Lead,Onsight,Sport,,30,1800
2023-03-03,"Solla Sollew",5.10b,,https://www.mountainproject.com/route/121604035/solla-sollew,1,"California > San Francisco Bay Area > Mickey's Beach > Vent 5 > Vent #5",2.6,-1,Lead,Redpoint,Sport,,45,2900
2023-03-03,"Bolly Boo Ball",5.10b,,https://www.mountainproject.com/route/121603956/bolly-boo-ball,1,"California > San Francisco Bay Area > Mickey's Beach > Vent 5 > Vent #5",2.9,-1,Lead,Onsight,Sport,,45,2900
2023-02-20,"In My Eyes",5.8,,https://www.mountainproject.com/route/120889495/in-my-eyes,1,"California > San Francisco Bay Area > Wine Country > Mount St. Helena > Near Side",2.6,-1,Lead,Redpoint,Sport,,45,2100
2023-02-20,"Out of Step",5.6,,https://www.mountainproject.com/route/120889461/out-of-step,1,"California > San Francisco Bay Area > Wine Country > Mount St. Helena > Near Side",1.8,-1,Lead,Redpoint,Sport,,45,1600
2023-02-20,"Eight-Legged Preach",5.7,,https://www.mountainproject.com/route/120911718/eight-legged-preach,1,"California > San Francisco Bay Area > Wine Country > Mount St. Helena > Near Side",2.3,4,Lead,Redpoint,Sport,,45,1800
2023-02-20,"Donnie’s Bulge",5.9,,https://www.mountainproject.com/route/120911741/donnies-bulge,1,"California > San Francisco Bay Area > Wine Country > Mount St. Helena > Near Side",2.1,2,Lead,Redpoint,Sport,5.10a,40,2400
2023-02-20,"Willard’s Awreck",5.7,,https://www.mountainproject.com/route/120889570/willards-awreck,1,"California > San Francisco Bay Area > Wine Country > Mount St. Helena > Near Side",2.5,4,Lead,,Sport,5.7,45,1800
2023-02-19,Skullcracker,"V2 R",,https://www.mountainproject.com/route/105735977/skullcracker,1,"California > San Francisco Bay Area > Wine Country > Sonoma Coast State Park > Goat Rock > Sunset Boulders > Lamb Boulder",2.9,3,Send,,Boulder,"V3+ R",10,20200
2023-01-03,Buissonier,5.7+,,https://www.mountainproject.com/route/105721645/buissonier,1,"California > Joshua Tree National Park > Hidden Valley Area > Hidden Valley Campground > The Blob > The Blob - Southeast Face",2.5,-1,TR,,Trad,,,1900
2023-01-03,"White Lightning",5.7,,https://www.mountainproject.com/route/105721969/white-lightning,1,"California > Joshua Tree National Park > Lost Horse Area > Hemingway Buttress > Hemingway Buttress (East Face Left)",3.0,-1,TR,,Trad,,120,1800
2022-12-30,"Unnamed Variation",V2,,https://www.mountainproject.com/route/106345847/unnamed-variation,1,"California > Joshua Tree National Park > *Joshua Tree Bouldering* > Central Joshua Tree Bouldering > Barker Dam Bouldering > Gunsmoke Area > No Name Boulder",2.4,-1,Flash,,Boulder,,12,20200
2022-12-30,Unnamed,V0+,,https://www.mountainproject.com/route/106345838/unnamed,1,"California > Joshua Tree National Park > *Joshua Tree Bouldering* > Central Joshua Tree Bouldering > Barker Dam Bouldering > Gunsmoke Area > No Name Boulder",1.5,-1,Flash,,Boulder,,10,20010
2022-12-30,"The Chube",V2,,https://www.mountainproject.com/route/105724441/the-chube,1,"California > Joshua Tree National Park > *Joshua Tree Bouldering* > Central Joshua Tree Bouldering > Barker Dam Bouldering > Gunsmoke Area > Chube Boulder",3.4,-1,Flash,,Boulder,,15,20200
2022-12-30,"Life's a Bitch and then You Marry One",5.7,,https://www.mountainproject.com/route/105722419/lifes-a-bitch-and-then-you-marry-one,1,"California > Joshua Tree National Park > Central Joshua Tree > Barker Dam Area > Dissolution Rock",2.1,-1,Lead,Onsight,Trad,,50,1800
2022-12-30,Yi,5.6,,https://www.mountainproject.com/route/106944749/yi,1,"California > Joshua Tree National Park > Lost Horse Area > Rock Garden Valley > Rock Garden Valley - Left Side",1.9,-1,Lead,Onsight,Trad,,50,1600
2022-12-29,Kodiak,5.5,,https://www.mountainproject.com/route/105874284/kodiak,1,"California > Joshua Tree National Park > Wonderland of Rocks > Wonderland North > North Wonderland Approach > Bear Island",2.1,-1,Lead,Onsight,Trad,,30,1500
2022-12-29,Shardik,5.3,,https://www.mountainproject.com/route/105874278/shardik,1,"California > Joshua Tree National Park > Wonderland of Rocks > Wonderland North > North Wonderland Approach > Bear Island",2.1,-1,Lead,Onsight,Trad,,55,1300
2022-12-18,Molly,V5,"Hole on left toe sized pocket, right foot on little rodge. Go up to intermediate before going for left facing flake, high right foot",https://www.mountainproject.com/route/106094747/molly,1,"California > Sierra Eastside > Bishop Area > Volcanic Tablelands (Happy/Sad Boulders) > Sad Boulders > Molly Area",3.4,-1,Attempt,,Boulder,,13,20500
2022-12-18,"Boneless Herring",V0,,https://www.mountainproject.com/route/107018119/boneless-herring,1,"California > Sierra Eastside > Bishop Area > Volcanic Tablelands (Happy/Sad Boulders) > Sad Boulders > Kung-Fu Area > Boneless Herring Boulder",2.4,-1,Flash,,Boulder,,18,20008
2022-12-18,"Kipper Snapper",V1,,https://www.mountainproject.com/route/107566452/kipper-snapper,1,"California > Sierra Eastside > Bishop Area > Volcanic Tablelands (Happy/Sad Boulders) > Sad Boulders > Kung-Fu Area > Big Kipper Boulder",2.8,-1,Flash,,Boulder,,,20100
2022-12-17,"Gone with the Wind",5.10a,,https://www.mountainproject.com/route/107286832/gone-with-the-wind,1,"California > Sierra Eastside > Lone Pine Area > Alabama Hills > Alabama Hills South > Alabama Dome",2.7,-1,Lead,Flash,Sport,,80,2600
2022-12-17,"Sting of the Lash",5.10b,,https://www.mountainproject.com/route/106836460/sting-of-the-lash,1,"California > Sierra Eastside > Lone Pine Area > Alabama Hills > Alabama Hills North > Cattle Pocket and Corridors Area > The Corridors > Sunday Matinee Wall",2.0,2,Lead,Flash,Sport,,,2900
2022-12-17,"Splitting the Breeze",5.10d,"gaston move worked this time",https://www.mountainproject.com/route/106730411/splitting-the-breeze,1,"California > Sierra Eastside > Lone Pine Area > Alabama Hills > Alabama Hills North > Cattle Pocket and Corridors Area > The Corridors > Sunday Matinee Wall",2.4,3,Lead,Redpoint,Sport,,30,3500
2022-12-17,"Splitting the Breeze",5.10d,"fell on same move. Rock crumbled on right hand gaston",https://www.mountainproject.com/route/106730411/splitting-the-breeze,1,"California > Sierra Eastside > Lone Pine Area > Alabama Hills > Alabama Hills North > Cattle Pocket and Corridors Area > The Corridors > Sunday Matinee Wall",2.4,3,Lead,Fell/Hung,Sport,,30,3500
2022-12-17,"Splitting the Breeze",5.10d,"fell above last bolt. didnt get beta right",https://www.mountainproject.com/route/106730411/splitting-the-breeze,1,"California > Sierra Eastside > Lone Pine Area > Alabama Hills > Alabama Hills North > Cattle Pocket and Corridors Area > The Corridors > Sunday Matinee Wall",2.4,3,Lead,Fell/Hung,Sport,,30,3500
2022-12-16,"Cue Ball",V4,"end of day try. felt so hard. pretty desperate on bad pockets. ow",https://www.mountainproject.com/route/106331180/cue-ball,1,"California > Sierra Eastside > Bishop Area > Volcanic Tablelands (Happy/Sad Boulders) > Happy Boulders > East Rim Area > Sixty Foot Woman/Shadow Play Area > Shadow Play Boulder",3.0,-1,,,Boulder,,15,20400
2022-12-16,"Slight Inducement",V1,,https://www.mountainproject.com/route/106086687/slight-inducement,1,"California > Sierra Eastside > Bishop Area > Volcanic Tablelands (Happy/Sad Boulders) > Happy Boulders > Slight Inducement Area > Slight Inducement Boulder",3.0,-1,Flash,,Boulder,,12,20100
2022-12-16,"East Easy Rider",V5,"got the first move crux, just need to stay with it and advance to third move, then not tire out to the top",https://www.mountainproject.com/route/106126708/east-easy-rider,1,"California > Sierra Eastside > Bishop Area > Volcanic Tablelands (Happy/Sad Boulders) > Happy Boulders > Savannah Area > Fred Boulder",2.2,-1,Attempt,,Boulder,,15,20500
2022-12-16,"Carrot Top",V3,,https://www.mountainproject.com/route/106126702/carrot-top,1,"California > Sierra Eastside > Bishop Area > Volcanic Tablelands (Happy/Sad Boulders) > Happy Boulders > Savannah Area > Fred Boulder",3.0,3,Flash,,Boulder,,12,20300
2022-12-16,Serengeti,V5,"tried about 7 times. Couldn&#39;t stick the crux move to the right hand dish up high. Got the heel hook, but need to advance left hand up to better crimp before throwing",https://www.mountainproject.com/route/106052564/serengeti,1,"California > Sierra Eastside > Bishop Area > Volcanic Tablelands (Happy/Sad Boulders) > Happy Boulders > Serengeti Area > Serengeti Boulder",3.3,-1,Attempt,,Boulder,,15,20500
2022-12-16,Solarium,V4,"about six tries. Got to lip on right side bad hold, but couldn&#39;t get left hand up. also tried going up with the right hand straight to the good hold, but came up just short",https://www.mountainproject.com/route/105943524/solarium,1,"California > Sierra Eastside > Bishop Area > Volcanic Tablelands (Happy/Sad Boulders) > Happy Boulders > Central Happiness Area > Solarium Boulder",3.2,-1,Attempt,,Boulder,,15,20400
2022-10-23,"Super Size Me",5.11a,"Took three times. That run from 2nd to third bolt was wicked. Worked the section. got the beta for next time
",https://www.mountainproject.com/route/108073763/super-size-me,1,"California > Lake Tahoe > I-80 Corridor > Bowman/Emeralds > The Emeralds > The Benches > Fast Food Wall",3.6,4,Lead,Fell/Hung,Sport,,80,4600
2022-10-23,"Fake News",5.10a,,https://www.mountainproject.com/route/112910350/fake-news,1,"California > Lake Tahoe > I-80 Corridor > Bowman/Emeralds > The Emeralds > The Benches > Kudos Cliff > Kudos Right",2.5,2,Lead,Onsight,Sport,,50,2600
2022-10-23,"If The Shoe Fits",5.10a,,https://www.mountainproject.com/route/108143924/if-the-shoe-fits,1,"California > Lake Tahoe > I-80 Corridor > Bowman/Emeralds > The Emeralds > The Benches > Kudos Cliff > Kudos Right",2.4,2,Lead,Onsight,Sport,,60,2600
2022-10-23,"Step Into The Light",5.10c,"So many dynamic parts to this route. Very bouldery and fun for 10c. Classic",https://www.mountainproject.com/route/108143932/step-into-the-light,1,"California > Lake Tahoe > I-80 Corridor > Bowman/Emeralds > The Emeralds > The Benches > Kudos Cliff > Kudos Left",3.5,4,Lead,Onsight,Sport,5.10d,70,3200
2022-10-09,"Major Dude",5.10d,"Clip second bolt from side-pull and then head left. Compression move from good rail on left and decent rail on right. high foot to a throw up to a left slanting semi-jug, then it&#39;s over",https://www.mountainproject.com/route/121767692/major-dude,1,"California > San Francisco Bay Area > Wine Country > Mount St. Helena > Near Side",2.8,2,Lead,Redpoint,Sport,5.10d,60,3500
2022-10-09,"Major Dude",5.10d,,https://www.mountainproject.com/route/121767692/major-dude,1,"California > San Francisco Bay Area > Wine Country > Mount St. Helena > Near Side",2.8,2,Lead,Fell/Hung,Sport,5.10d,60,3500
2022-10-09,"Groovie Ghoulies",5.10a/b,,https://www.mountainproject.com/route/121767181/groovie-ghoulies,1,"California > San Francisco Bay Area > Wine Country > Mount St. Helena > Near Side",2.9,-1,Lead,Redpoint,Sport,,70,2800
2022-10-09,Pipeline,5.10a,,https://www.mountainproject.com/route/120889054/pipeline,1,"California > San Francisco Bay Area > Wine Country > Mount St. Helena > Near Side",3.3,4,Lead,Redpoint,Sport,5.10b,70,2600
2022-10-09,"Honeycomb Hideout",5.8,,https://www.mountainproject.com/route/121766820/honeycomb-hideout,1,"California > San Francisco Bay Area > Wine Country > Mount St. Helena > Near Side",2.0,4,Lead,Redpoint,Sport,,60,2100
2022-10-09,"Eight-Legged Preach",5.7,,https://www.mountainproject.com/route/120911718/eight-legged-preach,1,"California > San Francisco Bay Area > Wine Country > Mount St. Helena > Near Side",2.3,4,Lead,Redpoint,Sport,,45,1800
2022-09-24,"Electric Blue",5.10b,,https://www.mountainproject.com/route/121416203/electric-blue,1,"California > San Francisco Bay Area > Mickey's Beach > Vent 5 > The Juice Shop",2.1,3,Lead,Redpoint,Sport,5.10c,30,2900
2022-09-24,"Electric Blue",5.10b,"didn&#39;t find sequence",https://www.mountainproject.com/route/121416203/electric-blue,1,"California > San Francisco Bay Area > Mickey's Beach > Vent 5 > The Juice Shop",2.1,3,Lead,Fell/Hung,Sport,5.10c,30,2900
2022-09-24,"Fall Punch",5.10a,,https://www.mountainproject.com/route/121380025/fall-punch,1,"California > San Francisco Bay Area > Mickey's Beach > Vent 5 > The Juice Shop",2.1,4,Lead,Redpoint,Sport,5.10a/b,35,2600
2022-09-24,"Eddie's Trundling Service",5.7,,https://www.mountainproject.com/route/121380054/eddies-trundling-service,1,"California > San Francisco Bay Area > Mickey's Beach > Vent 5 > The Juice Shop",2.3,4,Lead,Redpoint,Sport,5.9,45,1800
2022-09-24,"Quilligan (aka Friendly)",5.10a,,https://www.mountainproject.com/route/121605391/quilligan-aka-friendly,1,"California > San Francisco Bay Area > Mickey's Beach > Vent 5 > Vent #5",3.0,4,Lead,Redpoint,Sport,5.10a,40,2600
2022-09-24,"Key-Slapping Slipperd",5.11b,"two falls. messed up sequence",https://www.mountainproject.com/route/121452998/key-slapping-slipperd,1,"California > San Francisco Bay Area > Mickey's Beach > Vent 5 > Vent #5",3.1,4,Lead,Fell/Hung,Sport,5.11b,40,4900
2022-08-29,Cromagnon,5.10a,"Got to top but damn. Hung at bolts 6 - 9. Felt like solid 10d",https://www.mountainproject.com/route/105912080/cromagnon,1,"California > Sierra Eastside > Mammoth Lakes Area > Lake George > Dike Wall > East Face",3.7,3,Lead,Fell/Hung,"Sport, Alpine",5.10d,80,2600
2022-08-28,"Bush Jr",5.7,,https://www.mountainproject.com/route/105912978/bush-jr,1,"California > Sierra Eastside > Mammoth Lakes Area > Warming Wall",1.7,3,Lead,Onsight,Sport,5.8,40,1800
2022-08-28,[Redacted],5.10a,,https://www.mountainproject.com/route/105912983/redacted,1,"California > Sierra Eastside > Mammoth Lakes Area > Warming Wall",2.0,3,Lead,Redpoint,Sport,5.10c,40,2600
2022-08-28,"Oh Zone",5.10c,,https://www.mountainproject.com/route/105912935/oh-zone,1,"California > Sierra Eastside > Mammoth Lakes Area > Warming Wall",2.3,4,Lead,Onsight,Sport,"5.10d PG13",50,3200
2022-08-28,"Greenhouse Effect",5.10c,,https://www.mountainproject.com/route/105912972/greenhouse-effect,1,"California > Sierra Eastside > Mammoth Lakes Area > Warming Wall",2.3,3,Lead,Redpoint,Sport,,40,3200
2022-08-28,"Greenhouse Effect",5.10c,,https://www.mountainproject.com/route/105912972/greenhouse-effect,1,"California > Sierra Eastside > Mammoth Lakes Area > Warming Wall",2.3,3,Lead,Fell/Hung,Sport,,40,3200
2022-07-30,Mogolef,5.11c,"fell many times. so pumpy. got all the moves, but damn",https://www.mountainproject.com/route/121456890/mogolef,1,"California > San Francisco Bay Area > Mickey's Beach > Motown",3.2,-1,TR,,Sport,,65,5200
2022-07-30,Mogoright,5.11b,,https://www.mountainproject.com/route/121457249/mogoright,1,"California > San Francisco Bay Area > Mickey's Beach > Motown",2.9,4,Lead,Redpoint,Sport,,70,4900
2022-07-30,Mogoright,5.11b,,https://www.mountainproject.com/route/121457249/mogoright,1,"California > San Francisco Bay Area > Mickey's Beach > Motown",2.9,4,Lead,Fell/Hung,Sport,,70,4900
2022-06-19,"Scotty's Melons",5.11d,"fell lots. got to top. super hard moves",https://www.mountainproject.com/route/121771758/scottys-melons,1,"California > San Francisco Bay Area > Mickey's Beach > Motown",2.5,-1,TR,,"Sport, TR",,35,5500
2022-06-19,"The Gift",5.11a,,https://www.mountainproject.com/route/121771770/the-gift,1,"California > San Francisco Bay Area > Mickey's Beach > Motown",2.5,3,Lead,Redpoint,"Sport, TR",,35,4600
2022-06-19,Mogoright,5.11b,,https://www.mountainproject.com/route/121457249/mogoright,1,"California > San Francisco Bay Area > Mickey's Beach > Motown",2.9,4,Lead,Fell/Hung,Sport,,70,4900
2022-06-12,"Scotty's Melons",5.11d,"fell. wrong beta and hard moves at the lip. maybe someday but probably not soon",https://www.mountainproject.com/route/121771758/scottys-melons,1,"California > San Francisco Bay Area > Mickey's Beach > Motown",2.5,-1,TR,,"Sport, TR",,35,5500
2022-06-12,"The Gift",5.11a,,https://www.mountainproject.com/route/121771770/the-gift,1,"California > San Francisco Bay Area > Mickey's Beach > Motown",2.5,3,Lead,Redpoint,"Sport, TR",,35,4600
2022-06-12,"The Gift",5.11a,,https://www.mountainproject.com/route/121771770/the-gift,1,"California > San Francisco Bay Area > Mickey's Beach > Motown",2.5,3,Lead,Fell/Hung,"Sport, TR",,35,4600
2022-05-15,"The Wave Traverse",V4,"tried once fell halfway. might go when fresh",https://www.mountainproject.com/route/113131679/the-wave-traverse,1,"California > San Francisco Bay Area > Wine Country > Salt Point State Park > Secrets > The Wave",3.0,-1,Attempt,,Boulder,,25,20400
2022-05-15,Lieback,V2,,https://www.mountainproject.com/route/111824093/lieback,1,"California > San Francisco Bay Area > Wine Country > Salt Point State Park > Call Box Rocks > The Quarry",2.6,2,Send,,Boulder,V2,,20200
2022-05-15,"Mantle 101",V2,,https://www.mountainproject.com/route/111824084/mantle-101,1,"California > San Francisco Bay Area > Wine Country > Salt Point State Park > Call Box Rocks > The Quarry",3.0,4,Send,,Boulder,V3,,20200
2022-05-15,"Tufatafoni Traverse",V4,"painfull. hopeless",https://www.mountainproject.com/route/111362572/tufatafoni-traverse,1,"California > San Francisco Bay Area > Wine Country > Salt Point State Park > Call Box Rocks > Stoney Whiteboots Boulder",3.7,-1,Attempt,,Boulder,,,20400
2022-05-14,Bit-O-Honey,V1,,https://www.mountainproject.com/route/119108654/bit-o-honey,1,"California > San Francisco Bay Area > Wine Country > Salt Point State Park > Secrets > Honey Top Rock",2.7,-1,Flash,,Boulder,,12,20100
2022-05-14,"The Wave",V3,,https://www.mountainproject.com/route/113131547/the-wave,1,"California > San Francisco Bay Area > Wine Country > Salt Point State Park > Secrets > The Wave",3.6,-1,Flash,,Boulder,,17,20300
2022-05-14,Triceratops,V4,,https://www.mountainproject.com/route/111824185/triceratops,1,"California > San Francisco Bay Area > Wine Country > Salt Point State Park > Secrets > Triceratops Boulder",3.9,4,Send,,Boulder,,,20400
2022-04-24,"Quilligan (aka Friendly)",5.10a,,https://www.mountainproject.com/route/121605391/quilligan-aka-friendly,1,"California > San Francisco Bay Area > Mickey's Beach > Vent 5 > Vent #5",3.0,4,Lead,Onsight,Sport,5.10a,40,2600
2022-04-24,"Key-Slapping Slipperd",5.11b,,https://www.mountainproject.com/route/121452998/key-slapping-slipperd,1,"California > San Francisco Bay Area > Mickey's Beach > Vent 5 > Vent #5",3.1,4,Lead,Redpoint,Sport,5.11b,40,4900
2022-04-24,Mogolef,5.11c,"fell and didnt get to top",https://www.mountainproject.com/route/121456890/mogolef,1,"California > San Francisco Bay Area > Mickey's Beach > Motown",3.2,-1,TR,,Sport,,65,5200
2022-04-10,"Key-Slapping Slipperd",5.11b,,https://www.mountainproject.com/route/121452998/key-slapping-slipperd,1,"California > San Francisco Bay Area > Mickey's Beach > Vent 5 > Vent #5",3.1,4,Lead,Fell/Hung,Sport,5.11b,40,4900
2022-04-10,"Solla Sollew",5.10b,,https://www.mountainproject.com/route/121604035/solla-sollew,1,"California > San Francisco Bay Area > Mickey's Beach > Vent 5 > Vent #5",2.6,-1,Lead,Onsight,Sport,,45,2900
2022-04-10,"China Pockets",5.10b,,https://www.mountainproject.com/route/121796659/china-pockets,1,"California > San Francisco Bay Area > Mickey's Beach > Vent 5 > Kombucha Crag",2.3,-1,Lead,Onsight,Sport,,50,2900
2022-04-10,"Partially Newt",5.9,,https://www.mountainproject.com/route/121440355/partially-newt,1,"California > San Francisco Bay Area > Mickey's Beach > Vent 5 > Kombucha Crag",2.5,-1,Lead,Onsight,Sport,,50,2400
2022-04-10,"420 Shaka Bra Experience",5.7,,https://www.mountainproject.com/route/121440265/420-shaka-bra-experience,1,"California > San Francisco Bay Area > Mickey's Beach > Vent 5 > Kombucha Crag",2.6,-1,Lead,Onsight,Sport,,40,1800
2022-04-03,Mockery,5.8,,https://www.mountainproject.com/route/105974243/mockery,1,"California > Yosemite National Park > Yosemite Valley > Lower Merced River Canyon > Au. Five and Dime Cliff",3.2,4,Lead,Redpoint,Sport,5.9,70,2100
2022-04-02,"Unnamed Traverse",V2,,https://www.mountainproject.com/route/120096198/unnamed-traverse,1,"California > Yosemite National Park > Yosemite Valley > * Yosemite Valley Bouldering > Camp 4 Boulders > The Glass Pyramid",2.7,-1,Flash,,Boulder,,13,20200
2022-03-25,Kind,5.6,,https://www.mountainproject.com/route/121623204/kind,1,"California > San Francisco Bay Area > Mickey's Beach > Vent 5 > Vent #5",2.3,4,Lead,Onsight,Sport,5.5,50,1600
2022-03-21,"Eight-Legged Preach",5.7,,https://www.mountainproject.com/route/120911718/eight-legged-preach,1,"California > San Francisco Bay Area > Wine Country > Mount St. Helena > Near Side",2.3,4,Lead,Onsight,Sport,,45,1800
2022-03-21,"Donnie’s Bulge",5.9,,https://www.mountainproject.com/route/120911741/donnies-bulge,1,"California > San Francisco Bay Area > Wine Country > Mount St. Helena > Near Side",2.1,2,Lead,Onsight,Sport,5.10a,40,2400
2022-03-21,"Bubble Slab--Right",5.7,,https://www.mountainproject.com/route/106288015/bubble-slab-right,1,"California > San Francisco Bay Area > Wine Country > Mount St. Helena > The Bubble",2.2,2,Lead,Onsight,"Sport, TR",5.9,60,1800
2022-03-21,"5.9 Face",5.9,,https://www.mountainproject.com/route/105734870/59-face,1,"California > San Francisco Bay Area > Wine Country > Mount St. Helena > The Bubble",2.2,4,Lead,Onsight,"Sport, TR",5.10a,60,2400
2022-03-21,"The Ladder",5.10d,"High gravity day. Lots of Falls. Eventually got to the top",https://www.mountainproject.com/route/105734861/the-ladder,1,"California > San Francisco Bay Area > Wine Country > Mount St. Helena > The Bubble",3.1,-1,TR,,"Sport, TR",,70,3500
2022-03-21,"Solar Power",5.10c/d,"high gravity day. about four falls. Eventually got to the top",https://www.mountainproject.com/route/105734651/solar-power,1,"California > San Francisco Bay Area > Wine Country > Mount St. Helena > The Bubble",2.9,-1,TR,,Sport,,40,3400
2022-03-13,"3 Blind Mice Center",5.8,,https://www.mountainproject.com/route/118043324/3-blind-mice-center,1,"California > San Francisco Bay Area > Wine Country > Mount St. Helena > Blind Man's Bluff Area > Blind Man's Bluff",2.6,-1,Lead,Onsight,Sport,,75,2100
2022-03-13,"Dirty Boots",5.10a,,https://www.mountainproject.com/route/118186419/dirty-boots,1,"California > San Francisco Bay Area > Wine Country > Mount St. Helena > Blind Man's Bluff Area > Blind Man's Bluff",2.4,-1,Lead,Onsight,Sport,,40,2600
2022-03-13,"Baby Driver",5.10d,,https://www.mountainproject.com/route/118068473/baby-driver,1,"California > San Francisco Bay Area > Wine Country > Mount St. Helena > Blind Man's Bluff Area > Blind Man's Bluff",3.5,4,Lead,Pinkpoint,Sport,5.10d,70,3500
2022-03-13,"Little Dreamer",5.10b,,https://www.mountainproject.com/route/118066651/little-dreamer,1,"California > San Francisco Bay Area > Wine Country > Mount St. Helena > Blind Man's Bluff Area > Blind Man's Bluff",2.8,-1,Lead,Onsight,Sport,,40,2900
2022-03-13,Abracadabra,5.10a,"fell on last move to anchors",https://www.mountainproject.com/route/118050260/abracadabra,1,"California > San Francisco Bay Area > Wine Country > Mount St. Helena > Blind Man's Bluff Area > Blind Man's Bluff",3.2,3,Lead,Fell/Hung,Sport,"5.10a/b PG13",90,2600
2022-03-13,"Tiny Dancer",5.10c,,https://www.mountainproject.com/route/118050296/tiny-dancer,1,"California > San Francisco Bay Area > Wine Country > Mount St. Helena > Blind Man's Bluff Area > Blind Man's Bluff",3.3,4,Lead,Onsight,Sport,5.10c,60,3200
2022-02-25,"Monkey Hang",V3,,https://www.mountainproject.com/route/105799647/monkey-hang,1,"California > Sierra Eastside > Bishop Area > Volcanic Tablelands (Happy/Sad Boulders) > Happy Boulders > Slow Dance/Gleaner Area > Monkey Hang Boulder",2.9,4,Send,,Boulder,V4,,20300
2022-02-25,"Breaking Wind",5.7,,https://www.mountainproject.com/route/107609133/breaking-wind,1,"California > Sierra Eastside > Bishop Area > Owens River Gorge > Central Gorge > Warm Up Wall",2.3,-1,Lead,Onsight,Sport,5.9,75,1800
2022-02-21,"Margo's Arete",V-easy,,https://www.mountainproject.com/route/106132040/margos-arete,1,"California > Sierra Eastside > Bishop Area > Volcanic Tablelands (Happy/Sad Boulders) > Happy Boulders > Savannah Area > Savannah Boulder",1.8,3,Flash,,Boulder,,10,20000
2022-02-21,Masterbeat,V1,,https://www.mountainproject.com/route/106275497/masterbeat,1,"California > Sierra Eastside > Bishop Area > Volcanic Tablelands (Happy/Sad Boulders) > Happy Boulders > Jesus Chrysler Area > Headbangers Cave",1.5,3,Flash,,Boulder,V2-3,10,20100
2022-02-21,"Unnamed 2",V1,,https://www.mountainproject.com/route/106132923/unnamed-2,1,"California > Sierra Eastside > Bishop Area > Volcanic Tablelands (Happy/Sad Boulders) > Happy Boulders > Savannah Area > Girlfriend Rock",1.8,3,Flash,,Boulder,V1,10,20100
2022-02-21,"Ketron Classic",V4,"three tries",https://www.mountainproject.com/route/106054139/ketron-classic,1,"California > Sierra Eastside > Bishop Area > Volcanic Tablelands (Happy/Sad Boulders) > Happy Boulders > Savannah Area > Savannah Boulder",3.6,4,Send,,Boulder,V4,,20400
2022-02-21,"Up Your Skirt Left",V2,,https://www.mountainproject.com/route/106132929/up-your-skirt-left,1,"California > Sierra Eastside > Bishop Area > Volcanic Tablelands (Happy/Sad Boulders) > Happy Boulders > Savannah Area > Girlfriend Rock",2.1,2,Flash,,Boulder,V2-3,12,20200
2022-02-21,"Mmm... Nice",V0-,,https://www.mountainproject.com/route/106132901/mmm-nice,1,"California > Sierra Eastside > Bishop Area > Volcanic Tablelands (Happy/Sad Boulders) > Happy Boulders > Savannah Area > Girlfriend Rock",2.0,3,Flash,,Boulder,V1,10,20005
2022-02-21,"Unnamed 5",V0-,,https://www.mountainproject.com/route/106132966/unnamed-5,1,"California > Sierra Eastside > Bishop Area > Volcanic Tablelands (Happy/Sad Boulders) > Happy Boulders > Savannah Area > Girlfriend Rock",2.2,-1,Flash,,Boulder,,8,20005
2022-02-17,"Drunken Sailor",5.8,,https://www.mountainproject.com/route/121646017/drunken-sailor,1,"California > San Francisco Bay Area > Wine Country > Mount St. Helena > The Bear",2.3,3,Lead,Redpoint,Sport,5.9-,40,2100
2022-02-17,Rampage,5.10c,"fell many times",https://www.mountainproject.com/route/106155983/rampage,1,"California > San Francisco Bay Area > Wine Country > Mount St. Helena > The Bear",3.1,-1,TR,,Sport,5.11a,60,3200
2022-02-17,"Silverado Squatters",5.10b,"fell many times",https://www.mountainproject.com/route/105798411/silverado-squatters,1,"California > San Francisco Bay Area > Wine Country > Mount St. Helena > The Bear",2.8,-1,TR,,Sport,5.11a,60,2900
2022-02-17,"Martian Landscape",5.10c/d,,https://www.mountainproject.com/route/121766340/martian-landscape,1,"California > San Francisco Bay Area > Wine Country > Mount St. Helena > The Bear",2.8,4,Lead,Onsight,Sport,,80,3400
2022-02-17,Kidnapped,5.10b,,https://www.mountainproject.com/route/105954933/kidnapped,1,"California > San Francisco Bay Area > Wine Country > Mount St. Helena > The Bear",2.7,-1,Lead,Fell/Hung,Sport,,50,2900
2022-02-03,"Groovie Ghoulies",5.10a/b,,https://www.mountainproject.com/route/121767181/groovie-ghoulies,1,"California > San Francisco Bay Area > Wine Country > Mount St. Helena > Near Side",2.9,-1,Lead,Redpoint,Sport,,70,2800
2022-02-03,"Honeycomb Hideout",5.8,"did the 10c/d variation",https://www.mountainproject.com/route/121766820/honeycomb-hideout,1,"California > San Francisco Bay Area > Wine Country > Mount St. Helena > Near Side",2.0,4,Lead,Onsight,Sport,,60,2100
2022-02-03,"Major Dude",5.10d,,https://www.mountainproject.com/route/121767692/major-dude,1,"California > San Francisco Bay Area > Wine Country > Mount St. Helena > Near Side",2.8,2,Lead,Onsight,Sport,5.10d,60,3500
2022-02-03,Pipeline,5.10a,,https://www.mountainproject.com/route/120889054/pipeline,1,"California > San Francisco Bay Area > Wine Country > Mount St. Helena > Near Side",3.3,4,Lead,Redpoint,Sport,5.10b,70,2600
2022-01-20,"The Pearl",V5,"fucked up my tendon on the first try",https://www.mountainproject.com/route/106056281/the-pearl,1,"Nevada > Southern Nevada > Red Rock Boulders > (01) Calico Basin Boulders > Kraft Boulders > (04) The Pearl Area > The Pearl",3.1,-1,Attempt,,Boulder,,12,20500
2022-01-20,"Monkey Bar",V2,,https://www.mountainproject.com/route/106657521/monkey-bar,1,"Nevada > Southern Nevada > Red Rock Boulders > (01) Calico Basin Boulders > Kraft Boulders > (05) East Cluster > Monkey Bar Boulder",3.6,4,Flash,,Boulder,,20,20200
2022-01-20,"Jenna's Jewelry",V3-4,"def v4 for my height. prolly full 17 tries. very dynamic, maxed out dyno",https://www.mountainproject.com/route/106652010/jennas-jewelry,1,"Nevada > Southern Nevada > Red Rock Boulders > (01) Calico Basin Boulders > Kraft Boulders > (04) The Pearl Area > The Pearl",2.5,4,Send,,Boulder,V4-5,10,20350
2022-01-20,"Black Midget",V2,,https://www.mountainproject.com/route/107430198/black-midget,1,"Nevada > Southern Nevada > Red Rock Boulders > (01) Calico Basin Boulders > Kraft Boulders > (03) Main Area > Black Warm Up Boulders > Black Warm-up South",2.4,-1,Flash,,Boulder,,20,20200
2022-01-20,Fin,V3,,https://www.mountainproject.com/route/107430182/fin,1,"Nevada > Southern Nevada > Red Rock Boulders > (01) Calico Basin Boulders > Kraft Boulders > (03) Main Area > Black Warm Up Boulders > Black Warm-up South",2.0,-1,Flash,,Boulder,,12,20300
2022-01-20,"Potato Chips",V2,,https://www.mountainproject.com/route/106650919/potato-chips,1,"Nevada > Southern Nevada > Red Rock Boulders > (01) Calico Basin Boulders > Kraft Boulders > (03) Main Area > Potato Chip",3.2,-1,,,Boulder,,12,20200
2022-01-20,"Upcoming Meetups",5.10a,,https://www.mountainproject.com/route/107151172/upcoming-meetups,1,"Nevada > Southern Nevada > Red Rocks > (04) Second Pullout (Calico II) > Meetup Wall",2.3,3,Lead,Onsight,Sport,5.10c,50,2600
2022-01-20,"No Teaching!",5.7,,https://www.mountainproject.com/route/107151163/no-teaching,1,"Nevada > Southern Nevada > Red Rocks > (04) Second Pullout (Calico II) > Meetup Wall",2.2,-1,Lead,,Sport,,50,1800
2022-01-19,"Five Charter Oath",5.8-,,https://www.mountainproject.com/route/109545907/five-charter-oath,1,"Nevada > Southern Nevada > Red Rocks > (03) First Pullout (Calico I) > Civilization Crag",2.3,-1,Lead,,Sport,,55,2000
2022-01-19,"Sultans and Viziers",5.8,,https://www.mountainproject.com/route/109545922/sultans-and-viziers,1,"Nevada > Southern Nevada > Red Rocks > (03) First Pullout (Calico I) > Civilization Crag",2.3,3,Lead,,Sport,,55,2100
2022-01-19,"Umayyad Caliphate",5.9+,,https://www.mountainproject.com/route/109545942/umayyad-caliphate,1,"Nevada > Southern Nevada > Red Rocks > (03) First Pullout (Calico I) > Civilization Crag",2.6,3,Lead,,Sport,5.10a,60,2500
2022-01-19,"Virtuous Pagans",5.10c,,https://www.mountainproject.com/route/109868744/virtuous-pagans,1,"Nevada > Southern Nevada > Red Rocks > (03) First Pullout (Calico I) > Dante's Wall",2.8,4,Lead,,Sport,5.10c/d,70,3200
2022-01-19,"Divine Comedy",5.10a,,https://www.mountainproject.com/route/109868733/divine-comedy,1,"Nevada > Southern Nevada > Red Rocks > (03) First Pullout (Calico I) > Dante's Wall",3.3,3,Lead,,Sport,"5.10c PG13",65,2600
2022-01-14,"Gold Doubloons",5.10c,,https://www.mountainproject.com/route/121765653/gold-doubloons,1,"California > San Francisco Bay Area > Wine Country > Mount St. Helena > The Bear",2.6,3,Lead,Onsight,Sport,,75,3200
2022-01-14,"Pieces of Eight",5.10a,,https://www.mountainproject.com/route/121750958/pieces-of-eight,1,"California > San Francisco Bay Area > Wine Country > Mount St. Helena > The Bear",2.6,3,Lead,Onsight,Sport,5.10a/b,70,2600
2022-01-14,"Rusty Razor",5.10a,,https://www.mountainproject.com/route/121653185/rusty-razor,1,"California > San Francisco Bay Area > Wine Country > Mount St. Helena > The Bear",1.4,3,Lead,Onsight,Sport,5.10b,40,2600
2022-01-14,"Drunken Sailor",5.8,,https://www.mountainproject.com/route/121646017/drunken-sailor,1,"California > San Francisco Bay Area > Wine Country > Mount St. Helena > The Bear",2.3,3,Lead,Onsight,Sport,5.9-,40,2100
2022-01-14,"NE Butt of Bear Chimney",5.7,,https://www.mountainproject.com/route/121675597/ne-butt-of-bear-chimney,1,"California > San Francisco Bay Area > Wine Country > Mount St. Helena > The Bear",2.3,2,Lead,Onsight,Sport,5.8+,40,1800
2022-01-14,"Dirty Paws",5.7,,https://www.mountainproject.com/route/121641623/dirty-paws,1,"California > San Francisco Bay Area > Wine Country > Mount St. Helena > The Bear",2.0,2,Lead,Onsight,Sport,5.8+,40,1800
2022-01-12,"Eddie's Trundling Service",5.7,,https://www.mountainproject.com/route/121380054/eddies-trundling-service,1,"California > San Francisco Bay Area > Mickey's Beach > Vent 5 > The Juice Shop",2.3,4,Lead,,Sport,5.9,45,1800
2022-01-12,"Fall Punch",5.10a,,https://www.mountainproject.com/route/121380025/fall-punch,1,"California > San Francisco Bay Area > Mickey's Beach > Vent 5 > The Juice Shop",2.1,4,Lead,Onsight,Sport,5.10a/b,35,2600
2022-01-12,Effervescent,5.10a/b,,https://www.mountainproject.com/route/121380146/effervescent,1,"California > San Francisco Bay Area > Mickey's Beach > Vent 5 > Kimbuktu Tower",2.9,4,TR,Onsight,Sport,5.10b/c,21,2800
2021-11-21,"Groovie Ghoulies",5.10a/b,,https://www.mountainproject.com/route/121767181/groovie-ghoulies,1,"California > San Francisco Bay Area > Wine Country > Mount St. Helena > Near Side",2.9,-1,Lead,Flash,Sport,,70,2800
2021-11-21,"In My Eyes",5.8,,https://www.mountainproject.com/route/120889495/in-my-eyes,1,"California > San Francisco Bay Area > Wine Country > Mount St. Helena > Near Side",2.6,-1,Lead,,Sport,,45,2100
2021-11-21,"8 Ball, Side Pocket",5.8,,https://www.mountainproject.com/route/120888853/8-ball-side-pocket,1,"California > San Francisco Bay Area > Wine Country > Mount St. Helena > Near Side",2.8,-1,Lead,,Sport,,70,2100
2021-11-21,"Stepping Stone",5.8,,https://www.mountainproject.com/route/120889526/stepping-stone,1,"California > San Francisco Bay Area > Wine Country > Mount St. Helena > Near Side",2.9,-1,Lead,,Sport,,60,2100
2021-11-11,"Out of Step",5.6,,https://www.mountainproject.com/route/120889461/out-of-step,1,"California > San Francisco Bay Area > Wine Country > Mount St. Helena > Near Side",1.8,-1,Lead,,Sport,,45,1600
2021-11-11,"Major Dude",5.10d,,https://www.mountainproject.com/route/121767692/major-dude,1,"California > San Francisco Bay Area > Wine Country > Mount St. Helena > Near Side",2.8,2,Lead,Fell/Hung,Sport,5.10d,60,3500
2021-11-07,"Community Chest",5.7+,,https://www.mountainproject.com/route/105735212/community-chest,1,"California > Lake Tahoe > I-80 Corridor > Auburn and Grass Valley > Auburn SRA > Cave Valley (aka Auburn Quarry) > Memorial Wall",1.6,-1,Lead,Flash,Sport,,40,1900
2021-11-07,Sneaky,5.10b,,https://www.mountainproject.com/route/105735338/sneaky,1,"California > Lake Tahoe > I-80 Corridor > Auburn and Grass Valley > Auburn SRA > Cave Valley (aka Auburn Quarry) > Memorial Wall",2.4,2,TR,,Sport,5.10b,30,2900
2021-11-07,"Short Term Memory",5.10a,,https://www.mountainproject.com/route/105735335/short-term-memory,1,"California > Lake Tahoe > I-80 Corridor > Auburn and Grass Valley > Auburn SRA > Cave Valley (aka Auburn Quarry) > Memorial Wall",2.2,4,Lead,Redpoint,Sport,5.10a,30,2600
2021-11-07,"Scooby Snacks",5.9,,https://www.mountainproject.com/route/107754177/scooby-snacks,1,"California > Lake Tahoe > I-80 Corridor > Auburn and Grass Valley > Auburn SRA > Cave Valley (aka Auburn Quarry) > Scale Wall",2.2,3,Lead,Flash,Sport,5.9+,60,2400
2021-11-07,"Gold Dusty",5.9,,https://www.mountainproject.com/route/107830132/gold-dusty,1,"California > Lake Tahoe > I-80 Corridor > Auburn and Grass Valley > Auburn SRA > Cave Valley (aka Auburn Quarry) > Scale Wall",2.0,1,Lead,Fell/Hung,Sport,5.9,40,2400
2021-10-20,"Ain't But the One Way",V0+,,https://www.mountainproject.com/route/107504667/aint-but-the-one-way,1,"California > Sierra Eastside > Bishop Area > Volcanic Tablelands (Happy/Sad Boulders) > Happy Boulders > Jesus Chrysler Area > Jesus Chrysler Boulder",2.7,3,Flash,,Boulder,V0+,15,20010
2021-10-20,Auto-gedden,V2,,https://www.mountainproject.com/route/106278623/auto-gedden,1,"California > Sierra Eastside > Bishop Area > Volcanic Tablelands (Happy/Sad Boulders) > Happy Boulders > Jesus Chrysler Area > Jesus Chrysler Boulder",2.1,-1,Flash,,Boulder,,25,20200
2021-10-19,"Problem E",V0,,https://www.mountainproject.com/route/110021528/problem-e,1,"California > Sierra Eastside > Mammoth Lakes Area > * Mammoth Lakes Bouldering > The Ravine > Sector C",1.5,-1,Flash,,Boulder,,8,20008
2021-10-19,"Problem B",V1,,https://www.mountainproject.com/route/110021500/problem-b,1,"California > Sierra Eastside > Mammoth Lakes Area > * Mammoth Lakes Bouldering > The Ravine > Sector C",1.7,-1,Send,,Boulder,,8,20100
2021-10-19,"Problem R",V0,,https://www.mountainproject.com/route/110021341/problem-r,1,"California > Sierra Eastside > Mammoth Lakes Area > * Mammoth Lakes Bouldering > The Ravine > Sector A",1.4,-1,Flash,,Boulder,,,20008
2021-10-19,"Problem O",V1,,https://www.mountainproject.com/route/110021321/problem-o,1,"California > Sierra Eastside > Mammoth Lakes Area > * Mammoth Lakes Bouldering > The Ravine > Sector A",2.2,-1,Flash,,Boulder,,10,20100
2021-10-18,"Bill's Little Black Book",5.8,,https://www.mountainproject.com/route/109006309/bills-little-black-book,1,"California > Sierra Eastside > Bishop Area > Owens River Gorge > Upper Gorge > Triple Play Cliff",2.8,-1,Lead,,Sport,,100,2100
2021-10-18,"Road to Cala Gonone",5.9,,https://www.mountainproject.com/route/108094463/road-to-cala-gonone,1,"California > Sierra Eastside > Bishop Area > Owens River Gorge > Upper Gorge > Gorgeous Towers",2.4,-1,TR,,Sport,,90,2400
2021-10-17,"Problem 14",V1+,,https://www.mountainproject.com/route/106353079/problem-14,1,"California > Sierra Eastside > Mammoth Lakes Area > * Mammoth Lakes Bouldering > Geophysics Wall",1.8,-1,Flash,,Boulder,,15,20110
2021-10-17,"Problem 06",V0,,https://www.mountainproject.com/route/106353284/problem-06,1,"California > Sierra Eastside > Mammoth Lakes Area > * Mammoth Lakes Bouldering > Geophysics Wall",1.7,-1,Flash,,Boulder,,16,20008
2021-10-17,"Problem 05",V1+,,https://www.mountainproject.com/route/106353097/problem-05,1,"California > Sierra Eastside > Mammoth Lakes Area > * Mammoth Lakes Bouldering > Geophysics Wall",2.3,-1,Flash,,Boulder,,15,20110
2021-10-09,"Buckets to Burbank","5.8 PG13",,https://www.mountainproject.com/route/105724318/buckets-to-burbank,1,"California > Joshua Tree National Park > Central Joshua Tree > Sheep Pass Area > Hall of Horrors Area > Hall of Horrors > West Wall Outer (Buckets to Burbank Area)",2.3,-1,TR,,Trad,"5.10b PG13",50,2100
2021-10-08,Mini-Arete,V-easy,,https://www.mountainproject.com/route/105789405/mini-arete,1,"California > Joshua Tree National Park > *Joshua Tree Bouldering* > Quail Springs Bouldering > Chocolate Boulders > Chocolate Chip",1.5,-1,Flash,,Boulder,,10,20000
2021-10-08,"Rotten Teeth",V-easy,,https://www.mountainproject.com/route/109990589/rotten-teeth,1,"California > Joshua Tree National Park > *Joshua Tree Bouldering* > Quail Springs Bouldering > Chocolate Boulders > Chocolate Chip",1.4,-1,Flash,,Boulder,,8,20000
2021-10-08,"Sweet Tooth - Stand",V0,,https://www.mountainproject.com/route/109989497/sweet-tooth-stand,1,"California > Joshua Tree National Park > *Joshua Tree Bouldering* > Quail Springs Bouldering > Chocolate Boulders > Chocolate Chip",1.0,-1,,,Boulder,,6,20008
2021-10-08,"The Torrents of Spring",V1,,https://www.mountainproject.com/route/106356176/the-torrents-of-spring,1,"California > Joshua Tree National Park > *Joshua Tree Bouldering* > Lost Horse Bouldering > Hemingway Boulders > Papa Boulder",1.4,-1,Send,,Boulder,,12,20100
2021-10-08,"Hemingway Block","5.9 V-easy",,https://www.mountainproject.com/route/116703751/hemingway-block,1,"California > Joshua Tree National Park > *Joshua Tree Bouldering* > Lost Horse Bouldering > Hemingway Boulders > Hemingway Boulder-1",2.6,4,Solo,,"TR, Boulder",,10,2400
2021-09-16,Lieback,V1,,https://www.mountainproject.com/route/110744579/lieback,1,"California > San Francisco Bay Area > Castle Rock Area > * Castle Rock Area Bouldering > Castle Rock Loop > Parking Lot Rock",1.7,-1,Flash,,Boulder,,,20100
2021-09-16,Arete,V0-,,https://www.mountainproject.com/route/112363376/arete,1,"California > San Francisco Bay Area > Castle Rock Area > * Castle Rock Area Bouldering > Castle Rock Loop > Magoos > Dog Dish Boulders",1.4,-1,Flash,,Boulder,,,20005
2021-09-13,"The Warm Up",V1,,https://www.mountainproject.com/route/110616152/the-warm-up,1,"California > San Francisco Bay Area > Castle Rock Area > * Castle Rock Area Bouldering > Castle Rock Loop > Magoos > Dog Dish Boulders",2.9,-1,Flash,,Boulder,,12,20100
2021-09-13,Unnamed,V1,,https://www.mountainproject.com/route/105735644/unnamed,1,"California > San Francisco Bay Area > Castle Rock Area > * Castle Rock Area Bouldering > Castle Rock Loop > Magoos > Mr Magoo Boulder",2.4,-1,Flash,,Boulder,,,20100
2021-09-13,Gonzo,V2,,https://www.mountainproject.com/route/110236279/gonzo,1,"California > San Francisco Bay Area > Castle Rock Area > * Castle Rock Area Bouldering > Castle Rock Loop > Magoos > Mr Magoo Boulder",2.5,-1,Flash,,Boulder,,5,20200
2021-09-13,"Lieback Flake",V0,,https://www.mountainproject.com/route/110904131/lieback-flake,1,"California > San Francisco Bay Area > Castle Rock Area > * Castle Rock Area Bouldering > Indian Rock Side > [Redacted]",1.7,-1,Flash,,Boulder,,,20008
2021-09-13,Slab,V0,,https://www.mountainproject.com/route/110904125/slab,1,"California > San Francisco Bay Area > Castle Rock Area > * Castle Rock Area Bouldering > Indian Rock Side > [Redacted]",1.9,-1,Flash,,Boulder,,,20008
2021-09-13,"Funky Face",V1,,https://www.mountainproject.com/route/110904010/funky-face,1,"California > San Francisco Bay Area > Castle Rock Area > * Castle Rock Area Bouldering > Indian Rock Side > [Redacted]",1.8,-1,Send,,Boulder,,,20100
2021-09-13,Mantle,V0,,https://www.mountainproject.com/route/106647637/mantle,1,"California > San Francisco Bay Area > Castle Rock Area > * Castle Rock Area Bouldering > Indian Rock Side > Indian Cracks",2.3,-1,Flash,,Boulder,,10,20008
2021-09-13,"Indian Crack",V0,,https://www.mountainproject.com/route/106647630/indian-crack,1,"California > San Francisco Bay Area > Castle Rock Area > * Castle Rock Area Bouldering > Indian Rock Side > Indian Cracks",2.4,-1,Flash,,Boulder,,10,20008
2021-09-13,"1 1/4"" Crack",V1,,https://www.mountainproject.com/route/106647664/1-14-crack,1,"California > San Francisco Bay Area > Castle Rock Area > * Castle Rock Area Bouldering > Indian Rock Side > Indian Cracks",2.6,-1,Send,,Boulder,,10,20100
2020-09-15,"Frosted Flakes",V1,,https://www.mountainproject.com/route/112369280/frosted-flakes,1,"California > San Francisco Bay Area > Berkeley > Indian Rock > North face (Indian Rock)",1.8,-1,,,Boulder,,15,20100
2020-09-15,"The Ape",V2+,,https://www.mountainproject.com/route/107486696/the-ape,2,"California > San Francisco Bay Area > Berkeley > Indian Rock > North face (Indian Rock)",2.6,3,Send,,Boulder,V3,,20210
2020-06-11,"The Undercling",V1,,https://www.mountainproject.com/route/117736603/the-undercling,1,"California > San Francisco Bay Area > Ring Mountain > Turtle Rock",2.5,4,Send,,Boulder,V1,10,20100
2020-06-11,"The Crimper",V1,,https://www.mountainproject.com/route/117736618/the-crimper,1,"California > San Francisco Bay Area > Ring Mountain > Turtle Rock",2.2,3,Send,,Boulder,,10,20100
2020-06-11,"The Sloper Route",V1,,https://www.mountainproject.com/route/118750275/the-sloper-route,1,"California > San Francisco Bay Area > Ring Mountain > Turtle Rock",1.9,3,Send,,Boulder,V2,,20100
2020-06-11,"The Flake",V2,,https://www.mountainproject.com/route/114388252/the-flake,1,"California > San Francisco Bay Area > Ring Mountain > Turtle Rock",2.6,4,Send,,Boulder,V3-,,20200
2019-12-19,Traverse,V3,,https://www.mountainproject.com/route/117369891/traverse,1,"California > San Francisco Bay Area > Berkeley > Picnic Table Wall",2.9,-1,,,Boulder,,25,20300
2019-10-13,"The Nutcracker Suite (aka Nutcracker)",5.8,"led pitch 3",https://www.mountainproject.com/route/105833505/the-nutcracker-suite-aka-nutcracker,5,"California > Yosemite National Park > Yosemite Valley > Valley North Side > C. El Cap Picnic Area (Eagle Creek) > 5. Manure Pile Buttress (aka Ranger Rock)",3.6,3,Follow,,Trad,,500,2100
2019-09-17,"Indian Arête",V0,,https://www.mountainproject.com/route/107486731/indian-arete,1,"California > San Francisco Bay Area > Berkeley > Indian Rock > The Pit (West Side)",1.9,-1,,,Boulder,,,20008
2019-08-23,"Guide Cracks  2",5.8,,https://www.mountainproject.com/route/108218808/guide-cracks-2,1,"California > Yosemite National Park > Tuolumne Meadows > Daff Area > Daff Dome > South Flank",2.3,-1,Lead,Onsight,"Trad, TR",5.9,65,2100
2019-08-23,"Southeast Buttress",5.6,"led firat two pitches",https://www.mountainproject.com/route/105835705/southeast-buttress,5,"California > Yosemite National Park > Tuolumne Meadows > Cathedral Range > Cathedral Peak > Southeast Slopes",3.8,-1,Lead,Onsight,"Trad, Alpine",,700,1600
2019-08-08,Jamcrack,5.9,"led on placed gear",https://www.mountainproject.com/route/105866367/jamcrack,2,"California > Yosemite National Park > Yosemite Valley > Valley North Side > E. Yosemite Falls Area > Sunnyside Bench",3.4,-1,Lead,Onsight,Trad,,160,2400
2019-08-08,"After Seven",5.8,,https://www.mountainproject.com/route/105874735/after-seven,1,"California > Yosemite National Park > Yosemite Valley > Valley North Side > C. El Cap Picnic Area (Eagle Creek) > 5. Manure Pile Buttress (aka Ranger Rock)",3.1,-1,Follow,,Trad,,115,2100
2019-08-08,"Zee Tree",5.7,,https://www.mountainproject.com/route/105883612/zee-tree,6,"California > Yosemite National Park > Tuolumne Meadows > Pywiack Dome",2.7,-1,Follow,,"Trad, Sport",,700,1800
2019-05-04,"Bench Wall","V2 R",,https://www.mountainproject.com/route/105734576/bench-wall,1,"California > San Francisco Bay Area > Berkeley > Mortar Rock",2.8,4,Send,,Boulder,"V3 R",20,20200
2019-04-10,"Inconvenient Truth",5.9+,,https://www.mountainproject.com/route/107190266/inconvenient-truth,1,"California > Sierra Eastside > Mammoth Lakes Area > Warming Wall",2.5,3,TR,,Sport,5.10a,50,2500
2019-04-09,[Redacted],5.10a,,https://www.mountainproject.com/route/105912983/redacted,1,"California > Sierra Eastside > Mammoth Lakes Area > Warming Wall",2.0,3,Lead,Fell/Hung,Sport,5.10c,40,2600
2018-12-28,"Regular Route",V2,,https://www.mountainproject.com/route/119104965/regular-route,1,"California > Lake Tahoe > West Shore > Bliss > Middle Bliss > Ladder Boulder",3.8,4,,,Boulder,,15,20200
2018-12-19,"Overhang to Arete",V1,,https://www.mountainproject.com/route/112369221/overhang-to-arete,1,"California > San Francisco Bay Area > Berkeley > Indian Rock > The Pit (West Side)",2.5,-1,,,Boulder,,17,20100
2018-12-19,Pegboard,V1,,https://www.mountainproject.com/route/106762340/pegboard,1,"California > San Francisco Bay Area > Berkeley > Indian Rock > The Pit (West Side)",2.7,-1,,,Boulder,,18,20100
2018-12-19,"Left Route",V0,,https://www.mountainproject.com/route/120472354/left-route,1,"California > San Francisco Bay Area > Berkeley > Picnic Table Wall",2.4,-1,,,Boulder,,12,20008
2018-12-19,"Center Route",V0,,https://www.mountainproject.com/route/117662774/center-route,1,"California > San Francisco Bay Area > Berkeley > Picnic Table Wall",2.1,-1,Flash,,Boulder,,,20008
2018-12-16,"Stormy Monday",5.10a/b,fall,https://www.mountainproject.com/route/110773967/stormy-monday,1,"California > Lake Tahoe > I-80 Corridor > Bowman/Emeralds > The Emeralds > The Benches > Lightning Bolt Crag",2.6,-1,TR,,Sport,,60,2800
2018-12-16,"Rolling Thunder",5.10b,,https://www.mountainproject.com/route/110800086/rolling-thunder,1,"California > Lake Tahoe > I-80 Corridor > Bowman/Emeralds > The Emeralds > The Benches > Lightning Bolt Crag",2.3,-1,TR,,Sport,,60,2900
2018-12-16,"Cast In Stone",5.8,,https://www.mountainproject.com/route/108157965/cast-in-stone,2,"California > Lake Tahoe > I-80 Corridor > Bowman/Emeralds > The Emeralds > The Benches > The Negativity Cave",3.3,3,Follow,,Sport,,200,2100
2018-11-17,"Unnamed V3",V3,,https://www.mountainproject.com/route/114557486/unnamed-v3,1,"California > Lake Tahoe > I-80 Corridor > Donner/Truckee Bouldering > Donner Memorial State Park > Split Rock Area > Shadow Boulder",2.5,2,Flash,,Boulder,,,20300
2018-11-17,"Shadow Play (dyno)",V4,,https://www.mountainproject.com/route/114557462/shadow-play-dyno,10,"California > Lake Tahoe > I-80 Corridor > Donner/Truckee Bouldering > Donner Memorial State Park > Split Rock Area > Shadow Boulder",2.9,4,Send,,Boulder,,,20400
2018-09-19,"Overhung Roof",V0,,https://www.mountainproject.com/route/105734876/overhung-roof,1,"California > San Francisco Bay Area > Berkeley > Indian Rock > The Pit (West Side)",2.1,-1,,,Boulder,,20,20008
2018-02-18,"Chouinard's Crack",5.9,,https://www.mountainproject.com/route/105734741/chouinards-crack,1,"California > San Francisco Bay Area > Mount Diablo State Park > Boy Scout Rocks > Upper Tier",2.0,-1,TR,,"Trad, TR",,50,2400
2018-02-18,"Pebbly Face",5.10d,,https://www.mountainproject.com/route/117244728/pebbly-face,1,"California > San Francisco Bay Area > Mount Diablo State Park > Boy Scout Rocks > Upper Tier",3.1,4,TR,,Sport,,40,3500
2018-02-18,"Two for One (left variation)",5.10a,,https://www.mountainproject.com/route/105734867/two-for-one-left-variation,1,"California > San Francisco Bay Area > Mount Diablo State Park > Boy Scout Rocks > Middle Tier",1.9,-1,TR,,TR,,30,2600
2018-02-11,"Pot Leaf Cave - Left Arete",5.10c,,https://www.mountainproject.com/route/105734738/pot-leaf-cave-left-arete,1,"California > San Francisco Bay Area > Mount Diablo State Park > Boy Scout Rocks > Middle Tier",2.1,3,TR,,Sport,5.10d,30,3200
2018-02-03,"Grant's Christmas Present",V1,,https://www.mountainproject.com/route/106131992/grants-christmas-present,1,"California > Sierra Eastside > Bishop Area > Volcanic Tablelands (Happy/Sad Boulders) > Happy Boulders > Central Happiness Area > More Water, Less Power Boulder",2.7,-1,Solo,,Boulder,,10,20100
2018-02-03,"Grant's Christmas Present",V1,,https://www.mountainproject.com/route/106131992/grants-christmas-present,1,"California > Sierra Eastside > Bishop Area > Volcanic Tablelands (Happy/Sad Boulders) > Happy Boulders > Central Happiness Area > More Water, Less Power Boulder",2.7,-1,,,Boulder,,10,20100
2017-12-19,"The Route Formerly Known as Face",5.10+,,https://www.mountainproject.com/route/105734813/the-route-formerly-known-as-face,1,"California > San Francisco Bay Area > Mount Diablo State Park > Boy Scout Rocks > Upper Tier",2.7,4,TR,,"Trad, TR",,90,3300
2017-12-19,"Amazing Face",5.10a,,https://www.mountainproject.com/route/105734633/amazing-face,1,"California > San Francisco Bay Area > Mount Diablo State Park > Boy Scout Rocks > Lower Tier",3.2,-1,TR,,Sport,,90,2600
2017-12-19,"Ozone (a.k.a.) The Arch",5.10c,,https://www.mountainproject.com/route/105734696/ozone-aka-the-arch,1,"California > San Francisco Bay Area > Mount Diablo State Park > Boy Scout Rocks > Lower Tier",2.9,-1,TR,,"Trad, TR",,55,3200
2017-11-01,"Waimea Wall",V1,,https://www.mountainproject.com/route/105736193/waimea-wall,1,"California > San Francisco Bay Area > Castle Rock Area > * Castle Rock Area Bouldering > Castle Rock Loop > Castle Rock Proper",3.2,4,Solo,,Boulder,V1,,20100
2017-11-01,"Leading to Death",5.9-,,https://www.mountainproject.com/route/105734777/leading-to-death,1,"California > San Francisco Bay Area > Castle Rock Area > Waterfall Cliff",2.2,2,TR,,"Trad, TR",5.9,65,2300
2017-10-19,"South Rock Left",V0-,,https://www.mountainproject.com/route/105906926/south-rock-left,1,"California > Redwood Coast > Moonstone Beach > Moonstone Bouldering > South Rock",2.5,3,Solo,,Boulder,V0-,25,20005
2017-10-19,"The Triangles",V0-1,,https://www.mountainproject.com/route/105907624/the-triangles,1,"California > Redwood Coast > Moonstone Beach > North Rocks",2.3,2,Solo,,Boulder,V0-1,10,20050
2017-10-19,"Pelican Arete","5.10a V0",,https://www.mountainproject.com/route/105735149/pelican-arete,1,"California > San Francisco Bay Area > Wine Country > Sonoma Coast State Park > Goat Rock > Sunset Boulders > Ram Rock",2.8,2,Solo,,"TR, Boulder",V-easy,30,2600
2017-10-19,Mid-Term,V1-,,https://www.mountainproject.com/route/105735995/mid-term,1,"California > San Francisco Bay Area > Wine Country > Sonoma Coast State Park > Goat Rock > Sunset Boulders > Mammoth Rock",2.9,3,Solo,,Boulder,V0,10,20075
2017-10-19,Indicision,V0+,"easy at top but pretty high up",https://www.mountainproject.com/route/106086113/indicision,1,"California > Sierra Eastside > Bishop Area > Volcanic Tablelands (Happy/Sad Boulders) > Happy Boulders > Central Happiness Area > Happy Boulder",1.8,2,Solo,,Boulder,V1,15,20010
2017-10-19,"Happy Hooker",V0+,,https://www.mountainproject.com/route/106130507/happy-hooker,1,"California > Sierra Eastside > Bishop Area > Volcanic Tablelands (Happy/Sad Boulders) > Happy Boulders > Central Happiness Area > More Water, Less Power Boulder",2.2,3,Solo,,Boulder,V0+,10,20010
2017-10-19,"Western Round Up",V1,,https://www.mountainproject.com/route/106086128/western-round-up,1,"California > Sierra Eastside > Bishop Area > Volcanic Tablelands (Happy/Sad Boulders) > Happy Boulders > Central Happiness Area > Solarium Boulder",2.0,2,Solo,,Boulder,V1,12,20100
2017-10-19,"Can't Get Around Getting Around",V1,,https://www.mountainproject.com/route/112475919/cant-get-around-getting-around,1,"California > Sierra Eastside > Bishop Area > Volcanic Tablelands (Happy/Sad Boulders) > Happy Boulders > Jesus Chrysler Area > Get Around Boulder",2.5,3,Solo,,Boulder,V1,15,20100
2017-10-19,"Chrysler Crack",V0-,,https://www.mountainproject.com/route/112475799/chrysler-crack,1,"California > Sierra Eastside > Bishop Area > Volcanic Tablelands (Happy/Sad Boulders) > Happy Boulders > Jesus Chrysler Area > Get Around Boulder",2.5,2,Solo,,Boulder,V0-,13,20005
2017-10-19,"Paranormal in the West Country","V1 PG13",,https://www.mountainproject.com/route/107064190/paranormal-in-the-west-country,1,"California > Sierra Eastside > Bishop Area > Volcanic Tablelands (Happy/Sad Boulders) > Happy Boulders > Jesus Chrysler Area > Jesus Chrysler Boulder",2.0,3,Solo,,Boulder,"V1 PG13",,20100
2017-10-19,"Ain't But the One Way",V0+,,https://www.mountainproject.com/route/107504667/aint-but-the-one-way,1,"California > Sierra Eastside > Bishop Area > Volcanic Tablelands (Happy/Sad Boulders) > Happy Boulders > Jesus Chrysler Area > Jesus Chrysler Boulder",2.7,3,Solo,,Boulder,V0+,15,20010
2017-10-19,"Hero Roof",V0,,https://www.mountainproject.com/route/106094805/hero-roof,1,"California > Sierra Eastside > Bishop Area > Buttermilk Country > Buttermilks Main > Iron Man Area > Hero  Roof Boulder",3.4,-1,Solo,,Boulder,,14,20008
2017-10-18,"Gold Dusty",5.9,,https://www.mountainproject.com/route/107830132/gold-dusty,1,"California > Lake Tahoe > I-80 Corridor > Auburn and Grass Valley > Auburn SRA > Cave Valley (aka Auburn Quarry) > Scale Wall",2.0,1,Lead,Redpoint,Sport,5.9,40,2400
2017-10-18,"Gone Coastal",5.6,,https://www.mountainproject.com/route/107830126/gone-coastal,1,"California > Lake Tahoe > I-80 Corridor > Auburn and Grass Valley > Auburn SRA > Cave Valley (aka Auburn Quarry) > Scale Wall",1.3,1,Lead,,Sport,5.6,30,1600
2017-10-18,"Booty Crack",5.10a,,https://www.mountainproject.com/route/105735146/booty-crack,1,"California > Lake Tahoe > I-80 Corridor > Auburn and Grass Valley > Auburn SRA > Cave Valley (aka Auburn Quarry) > Scale Wall",2.2,1,Lead,,Sport,5.10a,50,2600
2017-10-18,"Comfortably Dumb",5.10a,,https://www.mountainproject.com/route/105735134/comfortably-dumb,1,"California > Lake Tahoe > I-80 Corridor > Auburn and Grass Valley > Auburn SRA > Cave Valley (aka Auburn Quarry) > Horseshoe Canyon",2.5,3,Lead,Flash,Sport,5.10a,40,2600
2017-10-18,"Uncomfortably Dumb",5.10b,,https://www.mountainproject.com/route/105735125/uncomfortably-dumb,1,"California > Lake Tahoe > I-80 Corridor > Auburn and Grass Valley > Auburn SRA > Cave Valley (aka Auburn Quarry) > Horseshoe Canyon",2.9,2,Lead,Flash,Sport,5.10b,80,2900
2017-10-18,"Kirk Arens Arête",5.9,,https://www.mountainproject.com/route/105735104/kirk-arens-arete,1,"California > Lake Tahoe > I-80 Corridor > Auburn and Grass Valley > Auburn SRA > Cave Valley (aka Auburn Quarry) > Memorial Wall",1.7,1,Lead,Flash,Sport,5.9,40,2400
2017-10-18,"Short Term Memory",5.10a,"awesome shirt route. crimpy and divine",https://www.mountainproject.com/route/105735335/short-term-memory,1,"California > Lake Tahoe > I-80 Corridor > Auburn and Grass Valley > Auburn SRA > Cave Valley (aka Auburn Quarry) > Memorial Wall",2.2,4,Lead,Flash,Sport,5.10a,30,2600
2017-10-18,Sneaky,5.10b,,https://www.mountainproject.com/route/105735338/sneaky,1,"California > Lake Tahoe > I-80 Corridor > Auburn and Grass Valley > Auburn SRA > Cave Valley (aka Auburn Quarry) > Memorial Wall",2.4,2,Lead,Flash,Sport,5.10b,30,2900
